Area,FlatSize,NearbyBazar,FloorNumber,TotalBedrooms,AttachedWashrooms,TotalBalconies,FloorType,GarrageFacilities,LiftService,GasAvailability,SecurityService,CCTVCoverage,WalkingDistanceFromMainRoad,Rent
Sadarghat,1616,No,5,3,2,2,Tiles,No,Yes,No,Yes,Yes,19,32000
Sadarghat,1580,Yes,1,3,2,2,Mozaik,No,No,Yes,Yes,No,26,31000
Shahbagh,1450,Yes,13,3,2,2,Mozaik,No,Yes,Yes,No,No,22,29000
Farmgate,1450,No,1,3,2,2,Mozaik,Yes,No,No,Yes,Yes,30,29000
Khilgaon,1350,No,4,3,2,2,Mozaik,Yes,Yes,No,No,No,12,27000
Khilgaon,1050,Yes,6,3,1,2,Mozaik,Yes,No,No,Yes,Yes,22,21000
Badda,1650,Yes,6,3,2,2,Tiles,Yes,Yes,Yes,Yes,Yes,9,33000
Motijheel,900,No,4,2,1,2,Tiles,No,No,No,No,No,25,18000
Rampura,1350,No,6,3,2,2,Mozaik,No,Yes,No,No,No,18,27000
Khilkhet,1250,No,14,3,2,2,Mozaik,No,Yes,No,Yes,Yes,16,25000
Shahbagh,1450,No,2,3,2,2,Tiles,Yes,Yes,Yes,Yes,Yes,5,29000
Bashundhara,1100,Yes,6,2,1,2,Mozaik,Yes,No,No,No,No,7,22000
Mohakhali,1200,No,1,3,3,2,Mozaik,No,Yes,No,No,Yes,28,24000
Khilkhet,1000,Yes,1,2,1,2,Tiles,No,Yes,Yes,No,Yes,5,20000
Baridhara,800,Yes,2,2,1,2,Tiles,Yes,Yes,No,Yes,No,29,16000
Cantonment area,1250,Yes,9,3,2,2,Mozaik,No,Yes,Yes,Yes,Yes,2,25000
Bashundhara,1700,No,15,3,3,2,Tiles,No,Yes,Yes,Yes,Yes,11,34000
Badda,1700,No,1,3,2,2,Mozaik,No,No,Yes,No,Yes,15,34000
Abdullahpur,1616,No,8,3,2,2,Mozaik,Yes,Yes,No,No,Yes,3,32000
Tejgaon,1150,No,1,2,2,2,Mozaik,No,No,No,Yes,Yes,12,23000
Ramna,1000,Yes,7,3,2,2,Mozaik,Yes,Yes,Yes,No,No,20,20000
Shahbagh,1600,No,13,3,2,2,Tiles,Yes,Yes,Yes,No,Yes,3,32000
Motijheel,900,No,10,2,1,2,Mozaik,Yes,Yes,Yes,No,Yes,14,18000
Mohammadpur,1750,Yes,9,3,3,2,Mozaik,Yes,Yes,Yes,Yes,No,21,35000
Motijheel,1380,Yes,15,3,3,2,Tiles,No,Yes,Yes,Yes,Yes,1,28000
Paltan,1550,Yes,7,3,2,3,Tiles,Yes,Yes,No,Yes,Yes,26,31000
Banani,1550,Yes,4,3,2,2,Mozaik,Yes,Yes,No,Yes,No,17,31000
Tejgaon,1000,No,4,2,2,2,Mozaik,No,Yes,Yes,Yes,No,20,20000
Wari,1150,No,6,2,1,2,Mozaik,No,No,Yes,Yes,No,20,23000
Motijheel,1500,No,4,3,2,2,Mozaik,Yes,Yes,Yes,No,Yes,23,30000
Tejgaon,1800,No,12,3,2,2,Tiles,Yes,Yes,Yes,Yes,No,23,36000
Motijheel,900,No,6,2,1,2,Mozaik,Yes,Yes,Yes,No,No,29,18000
Uttara,1150,Yes,6,2,1,2,Mozaik,No,Yes,No,Yes,Yes,17,23000
Banani,1050,No,6,2,1,2,Tiles,Yes,Yes,Yes,No,No,4,21000
Wari,1616,Yes,8,3,2,2,Tiles,No,Yes,Yes,No,No,1,32000
Motijheel,800,No,3,2,1,2,Mozaik,Yes,No,Yes,Yes,Yes,20,16000
Cantonment area,1400,Yes,2,3,2,2,Tiles,No,No,No,No,Yes,13,28000
Badda,800,No,2,2,1,1,Mozaik,No,No,Yes,No,No,11,16000
Khilgaon,1580,No,2,3,2,2,Mozaik,Yes,Yes,Yes,No,No,3,31000
Gulshan,1390,No,1,3,2,2,Mozaik,No,No,Yes,Yes,No,3,28000
Khilgaon,1700,Yes,1,3,2,2,Tiles,No,No,No,No,Yes,6,34000
Baridhara,1250,Yes,9,3,2,2,Tiles,Yes,Yes,Yes,No,Yes,23,25000
Banani,1600,Yes,9,3,2,3,Mozaik,Yes,Yes,No,No,No,21,32000
Baridhara,1150,Yes,15,3,2,2,Tiles,Yes,Yes,No,No,Yes,5,23000
Shahbagh,1200,No,1,3,2,2,Mozaik,No,No,Yes,No,No,27,24000
Ramna,1050,Yes,4,2,1,2,Tiles,Yes,Yes,Yes,Yes,Yes,3,21000
Motijheel,1400,Yes,2,3,2,2,Mozaik,Yes,No,Yes,No,Yes,27,28000
Paltan,1300,Yes,4,3,2,2,Tiles,Yes,Yes,No,No,No,4,26000
Uttara,900,Yes,2,2,1,2,Tiles,No,No,No,Yes,No,4,18000
Bashundhara,1500,Yes,2,3,2,2,Mozaik,No,Yes,No,No,No,10,30000
Bashundhara,1250,No,7,3,2,2,Mozaik,No,Yes,No,Yes,Yes,30,25000
Cantonment area,1550,Yes,1,3,2,3,Tiles,Yes,No,No,Yes,Yes,1,31000
Dhanmondi,1350,No,2,3,2,2,Tiles,No,Yes,No,No,Yes,3,27000
Sadarghat,850,Yes,6,2,1,2,Tiles,No,Yes,Yes,Yes,Yes,15,17000
Baridhara,1050,No,9,3,1,2,Tiles,No,Yes,Yes,Yes,Yes,6,21000
Khilkhet,1550,No,2,3,3,2,Tiles,Yes,No,Yes,No,No,6,31000
Tejgaon,1600,No,4,3,2,2,Mozaik,Yes,Yes,Yes,Yes,Yes,3,32000
Paltan,1380,Yes,5,3,2,2,Mozaik,Yes,No,Yes,No,Yes,21,27000
Paltan,1800,Yes,11,3,2,2,Mozaik,No,Yes,No,Yes,No,3,36000
Farmgate,950,Yes,6,2,1,1,Tiles,Yes,No,No,No,No,10,19000
Abdullahpur,1350,No,3,3,2,2,Mozaik,Yes,Yes,Yes,Yes,Yes,12,27000
Wari,1350,Yes,14,3,2,2,Mozaik,Yes,Yes,No,No,Yes,16,27000
Bashundhara,1750,Yes,9,3,2,2,Tiles,No,Yes,Yes,Yes,No,24,35000
Mohammadpur,1390,Yes,7,3,2,2,Mozaik,Yes,Yes,Yes,Yes,Yes,12,28000
Mohakhali,1450,No,6,3,2,2,Mozaik,Yes,Yes,No,Yes,No,25,29000
Ramna,1300,Yes,6,3,2,2,Mozaik,Yes,Yes,No,No,No,15,26000
Cantonment area,950,Yes,5,2,1,2,Mozaik,No,Yes,No,Yes,No,10,19000
Dhanmondi,1550,Yes,2,3,2,2,Mozaik,Yes,No,Yes,Yes,No,2,31000
Wari,1750,No,4,3,2,2,Tiles,Yes,Yes,Yes,No,No,13,35000
Motijheel,1200,Yes,1,3,2,2,Tiles,No,Yes,No,Yes,No,15,24000
Badda,1800,Yes,12,3,2,2,Tiles,Yes,Yes,No,Yes,No,29,45000
Rampura,1750,No,4,3,2,2,Mozaik,No,Yes,No,Yes,No,17,35000
Farmgate,1000,Yes,8,3,2,2,Tiles,No,Yes,Yes,Yes,No,8,20000
Sadarghat,1450,No,7,3,2,2,Mozaik,No,Yes,No,No,No,23,29000
Farmgate,850,No,11,2,1,2,Tiles,Yes,Yes,No,No,Yes,21,17000
Rampura,1350,Yes,4,3,2,2,Tiles,No,Yes,No,No,No,2,27000
Uttara,1650,Yes,3,3,2,2,Mozaik,Yes,No,No,Yes,No,7,33000
Badda,1050,Yes,14,3,2,2,Tiles,No,Yes,No,Yes,Yes,0,21000
Uttara,1000,Yes,8,2,1,2,Tiles,Yes,Yes,No,No,No,25,20000
Farmgate,1450,Yes,1,3,2,2,Tiles,Yes,No,No,Yes,Yes,19,29000
Mohakhali,1580,Yes,5,3,2,2,Tiles,No,No,No,Yes,No,30,31000
Banani,1400,Yes,6,3,2,2,Tiles,Yes,Yes,Yes,Yes,Yes,13,28000
Motijheel,1616,No,15,3,2,2,Mozaik,No,Yes,No,No,No,0,32000
Rampura,1580,Yes,2,3,2,2,Tiles,Yes,No,Yes,Yes,No,26,31000
Shahbagh,1616,Yes,1,3,2,2,Tiles,No,Yes,Yes,No,Yes,30,32000
Mohakhali,1650,Yes,15,3,2,2,Tiles,No,Yes,No,No,No,15,33000
Badda,1390,Yes,6,3,2,2,Tiles,No,No,Yes,Yes,Yes,15,28000
Banani,1450,Yes,3,3,2,2,Tiles,Yes,No,No,Yes,No,23,29000
Khilkhet,1250,No,7,3,2,2,Mozaik,Yes,Yes,Yes,No,Yes,10,25000
Khilgaon,1800,No,2,3,2,2,Tiles,Yes,Yes,Yes,No,Yes,19,32500
Sadarghat,1350,Yes,5,3,2,2,Tiles,No,Yes,Yes,No,No,7,27000
Abdullahpur,1350,No,3,3,2,2,Cement,Yes,Yes,Yes,Yes,Yes,4,27000
Mohammadpur,900,Yes,6,2,1,2,Mozaik,No,Yes,Yes,No,Yes,11,18000
Bashundhara,1580,Yes,6,3,2,2,Tiles,No,No,Yes,No,Yes,28,32000
Banani,1300,Yes,2,3,3,2,Mozaik,Yes,Yes,Yes,No,No,14,26000
Badda,900,No,11,2,1,2,Tiles,No,Yes,No,No,No,29,18000
Wari,1450,No,6,3,2,2,Mozaik,Yes,No,Yes,No,No,5,29000
Khilgaon,850,Yes,3,2,1,1,Mozaik,No,No,No,No,No,1,17000
Banasree,1650,Yes,9,3,2,2,Mozaik,Yes,Yes,Yes,No,Yes,29,33000
Motijheel,1450,Yes,3,3,2,2,Mozaik,No,No,No,No,No,19,29000
Farmgate,1500,No,8,3,2,2,Mozaik,Yes,Yes,No,Yes,Yes,7,30000
Motijheel,1300,No,15,3,2,2,Tiles,No,Yes,Yes,No,No,18,26000
Shahbagh,1700,Yes,7,3,2,2,Mozaik,No,Yes,No,No,Yes,19,34000
Sadarghat,1350,Yes,3,3,3,3,Tiles,No,No,No,No,Yes,8,27000
Gulshan,1380,Yes,2,3,2,2,Mozaik,No,Yes,No,No,Yes,20,27000
Cantonment area,1300,No,2,3,2,2,Tiles,Yes,No,Yes,Yes,Yes,9,26000
Badda,950,Yes,6,2,1,1,Cement,Yes,Yes,No,Yes,No,26,19000
Banani,800,No,2,2,1,1,Mozaik,Yes,No,Yes,Yes,Yes,19,16000
Tejgaon,1200,No,7,3,2,2,Tiles,No,Yes,No,No,No,3,24000
Mohakhali,1100,Yes,3,3,2,2,Tiles,Yes,No,No,Yes,No,27,22000
Sadarghat,1150,Yes,1,3,2,2,Cement,Yes,No,Yes,Yes,No,1,23000
Badda,950,No,14,2,1,1,Mozaik,Yes,Yes,Yes,No,No,20,19000
Khilkhet,850,Yes,13,2,1,2,Tiles,Yes,Yes,Yes,Yes,Yes,18,17000
Mohammadpur,1750,Yes,5,3,2,2,Tiles,No,No,Yes,Yes,Yes,13,35000
Khilkhet,1450,Yes,6,3,2,2,Tiles,No,Yes,Yes,No,Yes,20,29000
Gulshan,1800,Yes,4,3,2,2,Tiles,Yes,Yes,Yes,Yes,Yes,16,55000
Banasree,1600,No,14,3,3,2,Tiles,Yes,Yes,No,Yes,Yes,9,32000
Wari,1200,Yes,11,3,2,2,Mozaik,No,Yes,No,No,Yes,17,24000
Banani,1800,Yes,4,4,2,2,Tiles,No,Yes,No,Yes,No,1,60000
Ramna,1750,No,1,3,2,2,Mozaik,Yes,No,Yes,Yes,Yes,21,35000
Cantonment area,1800,Yes,1,3,2,2,Tiles,Yes,Yes,Yes,Yes,No,27,36000
Gulshan,800,No,15,2,1,2,Mozaik,Yes,Yes,Yes,Yes,Yes,9,16000
Mohammadpur,1616,No,9,3,2,2,Tiles,No,Yes,Yes,No,Yes,7,32000
Khilkhet,1050,Yes,5,3,2,2,Mozaik,Yes,No,Yes,Yes,No,26,21000
Abdullahpur,1650,No,11,3,2,2,Mozaik,Yes,Yes,Yes,No,Yes,22,33000
Tejgaon,1616,No,3,3,2,2,Mozaik,Yes,Yes,Yes,Yes,Yes,11,32000
Gulshan,1550,Yes,5,3,2,2,Tiles,Yes,Yes,No,No,Yes,30,31000
Paltan,1050,No,3,3,2,2,Cement,No,No,No,Yes,Yes,14,21000
Banani,1380,No,13,3,2,2,Cement,Yes,Yes,No,Yes,Yes,29,28000
Motijheel,900,No,1,2,1,2,Mozaik,Yes,Yes,Yes,Yes,Yes,6,18000
Mohakhali,1600,No,15,3,2,2,Mozaik,No,Yes,No,Yes,Yes,19,32000
Mohakhali,1400,Yes,10,3,2,2,Mozaik,Yes,Yes,No,Yes,Yes,25,28000
Banasree,1000,No,4,3,2,2,Mozaik,Yes,Yes,Yes,Yes,No,17,20000
Paltan,950,No,12,2,1,1,Mozaik,No,Yes,No,Yes,No,29,19000
Mohammadpur,1616,No,14,3,2,2,Tiles,No,Yes,Yes,No,No,10,32000
Sadarghat,1616,No,4,3,2,2,Mozaik,No,No,Yes,Yes,Yes,17,32000
Banani,1650,Yes,1,3,2,2,Mozaik,Yes,No,Yes,No,Yes,3,33000
Rampura,1250,Yes,4,3,2,2,Mozaik,Yes,No,Yes,Yes,No,12,25000
Banani,900,No,12,2,1,2,Tiles,No,Yes,Yes,Yes,Yes,6,18000
Rampura,1380,Yes,4,3,3,2,Mozaik,No,Yes,Yes,Yes,Yes,30,28000
Gulshan,850,No,12,2,1,1,Tiles,No,Yes,Yes,Yes,No,0,17000
Bashundhara,850,Yes,7,2,1,1,Mozaik,Yes,Yes,No,Yes,Yes,22,17000
Motijheel,1350,Yes,9,3,2,2,Mozaik,Yes,Yes,No,No,No,30,27000
Shahbagh,1200,No,5,3,2,2,Mozaik,Yes,No,No,Yes,No,24,24000
Shahbagh,1200,Yes,4,3,2,3,Mozaik,No,Yes,No,Yes,Yes,11,24000
Farmgate,1550,Yes,13,3,2,2,Tiles,Yes,Yes,No,Yes,No,21,31000
Uttara,1550,No,3,3,2,2,Tiles,No,No,Yes,No,Yes,4,31000
Gulshan,1300,No,6,3,3,2,Tiles,No,Yes,Yes,No,No,30,26000
Dhanmondi,1750,No,5,3,2,2,Tiles,Yes,No,No,No,No,12,35000
Banasree,1650,No,14,3,3,2,Tiles,Yes,Yes,Yes,Yes,Yes,5,33000
Paltan,1400,No,1,3,2,2,Cement,No,Yes,No,Yes,No,10,28000
Rampura,1400,No,2,3,3,2,Tiles,No,No,No,No,No,28,28000
Ramna,1350,No,5,3,2,2,Mozaik,No,Yes,No,Yes,No,30,27000
Paltan,1400,No,13,3,2,2,Mozaik,Yes,Yes,No,No,No,9,28000
Mohammadpur,1500,Yes,15,3,2,2,Tiles,Yes,Yes,Yes,No,No,23,30000
Banani,850,Yes,5,2,1,1,Mozaik,Yes,Yes,Yes,Yes,No,10,17000
Uttara,1550,Yes,8,3,2,2,Mozaik,No,Yes,Yes,No,Yes,25,31000
Tejgaon,1700,No,3,3,2,2,Tiles,Yes,No,No,No,Yes,11,34000
Khilkhet,1400,Yes,3,3,2,2,Tiles,Yes,No,Yes,Yes,Yes,6,28000
Badda,1700,No,1,3,2,2,Mozaik,No,No,Yes,Yes,No,29,34000
Tejgaon,950,No,1,2,1,1,Mozaik,No,Yes,Yes,Yes,No,29,19000
Shahbagh,1050,Yes,15,2,1,2,Mozaik,Yes,Yes,Yes,Yes,Yes,29,21000
Rampura,900,No,6,2,1,1,Tiles,No,Yes,Yes,No,Yes,14,18000
Khilkhet,800,Yes,9,2,1,2,Mozaik,Yes,Yes,Yes,No,No,5,16000
Badda,1000,No,15,3,2,2,Mozaik,No,Yes,No,No,No,4,20000
Shahbagh,850,Yes,3,2,1,1,Tiles,No,Yes,Yes,No,No,10,17000
Cantonment area,1390,Yes,2,3,3,2,Tiles,Yes,Yes,Yes,No,Yes,10,28000
Badda,1000,Yes,1,2,1,2,Tiles,No,Yes,Yes,No,Yes,4,20000
Badda,1600,No,2,3,2,2,Mozaik,Yes,Yes,No,No,Yes,8,32000
Motijheel,1350,Yes,6,3,2,2,Tiles,No,No,No,No,No,6,27000
Shahbagh,1000,No,11,2,1,2,Tiles,Yes,Yes,Yes,No,No,28,20000
Mohakhali,1500,Yes,1,3,2,2,Mozaik,No,No,No,No,No,3,30000
Farmgate,1550,Yes,5,3,2,2,Tiles,Yes,Yes,Yes,No,No,12,31000
Tejgaon,1250,Yes,9,3,2,2,Mozaik,No,Yes,No,Yes,Yes,9,25000
Motijheel,1550,Yes,6,3,2,3,Mozaik,Yes,No,Yes,Yes,Yes,18,31000
Shahbagh,1050,No,4,2,1,2,Mozaik,Yes,Yes,No,Yes,Yes,19,21000
Abdullahpur,1650,Yes,2,3,2,2,Mozaik,No,Yes,Yes,Yes,Yes,30,33000
Abdullahpur,1400,Yes,14,3,2,2,Cement,Yes,Yes,Yes,No,Yes,30,28000
Paltan,1500,No,11,3,2,2,Tiles,No,Yes,Yes,No,Yes,8,30000
Sadarghat,1390,Yes,4,3,2,2,Mozaik,No,No,Yes,Yes,Yes,26,28000
Cantonment area,800,Yes,4,2,1,1,Mozaik,No,No,No,No,Yes,0,16000
Motijheel,1580,Yes,14,3,2,2,Tiles,Yes,Yes,No,No,Yes,13,32000
Khilgaon,1380,Yes,11,3,2,2,Mozaik,Yes,Yes,No,Yes,No,5,28000
Sadarghat,900,No,15,2,1,2,Mozaik,No,Yes,Yes,Yes,No,14,18000
Baridhara,1616,Yes,8,3,2,3,Tiles,No,Yes,Yes,Yes,No,27,32000
Bashundhara,1500,No,7,3,2,2,Mozaik,No,Yes,Yes,No,No,2,30000
Sadarghat,1800,No,3,3,2,3,Mozaik,Yes,No,Yes,No,Yes,27,36000
Rampura,1150,No,6,3,2,2,Mozaik,No,Yes,No,Yes,No,3,23000
Dhanmondi,800,Yes,1,2,1,2,Tiles,No,Yes,Yes,Yes,Yes,8,16000
Paltan,1450,No,3,3,2,2,Mozaik,No,Yes,Yes,Yes,Yes,8,29000
Wari,1400,Yes,5,3,2,2,Tiles,No,No,Yes,Yes,Yes,23,28000
Rampura,950,No,4,2,1,2,Mozaik,No,Yes,Yes,Yes,No,10,19000
Mohakhali,1700,Yes,11,3,2,3,Tiles,Yes,Yes,No,Yes,Yes,12,34000
Dhanmondi,1550,Yes,2,3,2,2,Tiles,No,No,No,Yes,Yes,24,31000
Banasree,1200,Yes,15,3,3,2,Tiles,No,Yes,Yes,Yes,No,21,24000
Banani,1050,Yes,4,2,2,2,Mozaik,Yes,No,Yes,Yes,No,19,21000
Farmgate,1250,Yes,2,3,2,2,Mozaik,Yes,No,Yes,Yes,No,0,25000
Rampura,850,No,8,2,1,2,Mozaik,No,Yes,No,Yes,Yes,9,17000
Mohakhali,1100,Yes,7,2,2,2,Tiles,Yes,Yes,No,No,No,25,22000
Dhanmondi,1350,No,7,3,2,2,Tiles,Yes,Yes,Yes,No,No,29,27000
Banani,1250,No,11,3,2,2,Mozaik,No,Yes,Yes,Yes,Yes,1,25000
Banani,1050,No,5,3,2,2,Tiles,Yes,No,No,Yes,No,23,21000
Bashundhara,1250,Yes,5,3,2,2,Tiles,Yes,No,No,Yes,No,27,25000
Cantonment area,1350,Yes,11,3,3,2,Tiles,Yes,Yes,No,Yes,Yes,30,27000
Bashundhara,1550,Yes,2,3,2,2,Mozaik,Yes,Yes,No,Yes,Yes,3,31000
Tejgaon,1500,No,1,3,2,2,Mozaik,No,Yes,No,Yes,Yes,23,30000
Badda,1580,Yes,10,3,2,3,Mozaik,Yes,Yes,Yes,No,No,6,32000
Badda,1390,Yes,15,3,2,2,Mozaik,Yes,Yes,Yes,No,Yes,26,28000
Cantonment area,1600,No,2,3,2,2,Mozaik,No,Yes,Yes,No,No,18,32000
Motijheel,1450,Yes,4,3,2,2,Mozaik,Yes,No,Yes,Yes,No,0,29000
Shahbagh,1450,No,9,3,2,2,Tiles,No,Yes,No,Yes,Yes,17,29000
Abdullahpur,1200,Yes,2,3,2,2,Tiles,No,No,Yes,Yes,No,16,24000
Badda,1800,No,13,3,2,2,Tiles,Yes,Yes,Yes,No,Yes,8,45000
Khilkhet,1000,No,8,2,2,2,Tiles,Yes,Yes,No,No,Yes,29,20000
Mohammadpur,1250,No,5,3,2,2,Mozaik,No,Yes,No,No,Yes,28,25000
Mohakhali,900,No,5,2,1,2,Mozaik,No,Yes,No,No,Yes,25,18000
Shahbagh,850,Yes,1,2,1,2,Tiles,Yes,Yes,No,No,No,7,17000
Shahbagh,1800,No,5,3,2,2,Mozaik,No,Yes,No,No,Yes,29,36000
Bashundhara,1750,Yes,1,3,2,2,Mozaik,Yes,Yes,Yes,Yes,No,21,35000
Banasree,1550,No,13,3,2,2,Tiles,Yes,Yes,No,No,No,9,31000
Uttara,1700,Yes,6,3,2,2,Mozaik,No,Yes,No,No,No,15,34000
Motijheel,1200,No,5,3,2,2,Tiles,No,No,Yes,Yes,No,24,24000
Sadarghat,1100,Yes,1,2,2,2,Mozaik,Yes,Yes,No,Yes,Yes,19,22000
Paltan,900,Yes,6,2,1,2,Mozaik,Yes,Yes,No,Yes,Yes,9,18000
Farmgate,1616,Yes,6,3,2,2,Mozaik,Yes,Yes,Yes,Yes,Yes,15,32000
Paltan,1390,No,6,3,2,2,Tiles,No,No,No,No,No,21,28000
Baridhara,1500,No,8,3,2,2,Tiles,No,Yes,No,No,Yes,22,30000
Rampura,850,No,5,2,1,1,Cement,Yes,No,No,No,No,22,17000
Banani,1200,No,2,3,2,2,Tiles,Yes,No,Yes,Yes,Yes,3,24000
Rampura,1580,No,15,3,3,2,Mozaik,Yes,Yes,Yes,Yes,Yes,27,32000
Tejgaon,1400,Yes,6,3,2,2,Tiles,No,No,No,Yes,No,17,28000
Mohakhali,1450,Yes,1,3,2,2,Tiles,Yes,Yes,Yes,No,No,22,29000
Baridhara,1050,No,3,2,2,2,Tiles,No,No,Yes,No,No,20,21000
Khilgaon,1350,No,8,3,2,2,Tiles,Yes,Yes,Yes,Yes,Yes,30,27000
Shahbagh,1400,Yes,4,3,2,2,Mozaik,Yes,No,No,Yes,Yes,21,28000
Abdullahpur,1000,No,1,3,2,2,Tiles,No,No,Yes,Yes,Yes,1,20000
Shahbagh,950,No,4,2,1,2,Tiles,No,Yes,No,Yes,No,7,19000
Gulshan,1450,Yes,1,3,2,2,Mozaik,Yes,No,No,Yes,No,22,29000
Motijheel,1616,No,1,3,2,2,Tiles,Yes,No,Yes,Yes,No,16,32000
Dhanmondi,1500,No,2,3,2,2,Cement,No,Yes,Yes,Yes,No,9,30000
Sadarghat,1150,Yes,3,3,2,2,Tiles,Yes,No,No,No,No,29,23000
Mohammadpur,1000,Yes,9,2,1,2,Tiles,Yes,Yes,Yes,Yes,No,11,20000
Uttara,800,No,6,2,1,1,Mozaik,No,No,No,Yes,No,30,16000
Farmgate,1450,No,8,3,2,2,Mozaik,No,Yes,No,No,Yes,17,29000
Tejgaon,1700,Yes,3,3,2,2,Mozaik,No,No,Yes,Yes,No,4,34000
Uttara,1450,No,2,3,2,2,Mozaik,No,No,No,Yes,Yes,29,29000
Banasree,1000,No,4,2,2,2,Tiles,No,Yes,Yes,No,No,21,20000
Farmgate,1380,No,6,3,2,2,Mozaik,Yes,Yes,No,Yes,No,27,27000
Rampura,1550,No,4,3,2,2,Tiles,No,Yes,No,No,Yes,25,31000
Uttara,1600,No,6,3,2,2,Tiles,No,Yes,No,No,Yes,29,32000
Badda,1050,Yes,14,2,2,2,Mozaik,No,Yes,No,Yes,Yes,16,21000
Badda,1100,Yes,15,2,1,2,Tiles,Yes,Yes,No,No,No,24,22000
Rampura,1250,No,3,3,2,2,Mozaik,No,No,No,Yes,Yes,18,25000
Khilgaon,1700,Yes,5,3,2,2,Cement,Yes,No,No,Yes,Yes,27,34000
Paltan,800,Yes,11,2,1,1,Cement,Yes,Yes,No,No,No,26,16000
Abdullahpur,1600,No,6,3,2,2,Tiles,No,Yes,No,Yes,No,1,32000
Mohammadpur,1500,Yes,15,3,2,2,Tiles,Yes,Yes,Yes,Yes,No,21,30000
Banasree,950,No,4,2,1,1,Tiles,No,Yes,No,Yes,Yes,17,19000
Abdullahpur,1500,Yes,7,3,3,2,Mozaik,No,Yes,No,No,No,19,30000
Gulshan,1616,No,3,3,2,2,Mozaik,Yes,Yes,No,Yes,Yes,4,32000
Ramna,1750,No,1,3,2,2,Mozaik,No,Yes,No,Yes,Yes,5,35000
Banani,950,No,10,2,1,2,Mozaik,No,Yes,Yes,Yes,Yes,19,19000
Rampura,1500,Yes,4,3,2,2,Tiles,No,Yes,No,No,Yes,8,30000
Abdullahpur,1250,No,11,3,2,3,Mozaik,No,Yes,Yes,No,Yes,7,25000
Uttara,950,No,9,2,1,2,Tiles,No,Yes,Yes,No,Yes,23,19000
Gulshan,1600,Yes,12,3,2,2,Mozaik,Yes,Yes,No,No,Yes,26,32000
Gulshan,850,No,5,2,1,2,Tiles,No,No,No,No,No,5,17000
Farmgate,1450,No,5,3,2,2,Mozaik,Yes,No,No,No,Yes,27,29000
Motijheel,1050,Yes,12,2,2,2,Tiles,Yes,Yes,Yes,Yes,No,14,21000
Wari,950,Yes,4,2,1,1,Mozaik,No,No,Yes,Yes,No,0,19000
Khilgaon,1150,No,4,2,2,2,Mozaik,Yes,Yes,Yes,No,No,6,23000
Farmgate,1380,Yes,13,3,2,2,Cement,No,Yes,Yes,No,Yes,13,28000
Wari,850,Yes,4,2,1,2,Mozaik,Yes,No,No,Yes,Yes,0,17000
Abdullahpur,1500,No,15,3,3,2,Tiles,Yes,Yes,No,No,No,14,30000
Cantonment area,1450,Yes,7,3,2,2,Tiles,No,Yes,Yes,No,No,7,29000
Abdullahpur,1700,No,5,3,2,2,Mozaik,Yes,No,No,Yes,Yes,27,34000
Banani,1616,No,12,3,2,2,Tiles,No,Yes,Yes,No,No,5,32000
Wari,1450,No,2,3,2,2,Mozaik,Yes,Yes,Yes,Yes,No,23,29000
Bashundhara,1600,Yes,5,3,3,2,Tiles,No,No,No,Yes,Yes,6,32000
Farmgate,1580,No,6,3,2,2,Tiles,No,No,No,No,Yes,11,31000
Wari,1350,Yes,4,3,2,2,Mozaik,Yes,Yes,No,Yes,No,5,27000
Mohammadpur,1150,Yes,8,2,1,2,Cement,No,Yes,No,No,Yes,7,23000
Shahbagh,1650,Yes,14,3,2,2,Mozaik,No,Yes,Yes,No,Yes,7,33000
Banani,1000,No,14,3,1,2,Tiles,Yes,Yes,Yes,No,No,22,20000
Cantonment area,1450,No,8,3,2,2,Tiles,No,Yes,No,No,No,8,29000
Cantonment area,1380,No,13,3,2,2,Tiles,Yes,Yes,No,Yes,No,14,28000
Farmgate,1250,Yes,1,3,2,2,Tiles,No,No,No,No,No,20,25000
Abdullahpur,1350,No,4,3,2,2,Tiles,Yes,No,No,No,Yes,20,27000
Gulshan,1616,No,14,3,2,2,Tiles,Yes,Yes,Yes,Yes,No,29,32000
Paltan,1450,No,9,3,2,2,Mozaik,Yes,Yes,No,No,No,20,29000
Mohakhali,1750,Yes,5,3,2,2,Mozaik,No,No,No,Yes,Yes,14,35000
Uttara,1000,Yes,6,2,1,2,Cement,Yes,Yes,No,Yes,No,9,20000
Mohakhali,1050,No,10,2,2,2,Tiles,Yes,Yes,No,No,No,9,21000
Cantonment area,1350,No,2,3,2,2,Mozaik,Yes,No,No,Yes,No,25,27000
Badda,1600,Yes,1,3,2,2,Tiles,Yes,Yes,Yes,No,Yes,7,32000
Paltan,1050,Yes,5,2,1,2,Tiles,Yes,No,Yes,No,No,21,21000
Mohakhali,850,Yes,4,2,1,1,Tiles,Yes,No,No,Yes,No,19,17000
Khilkhet,1250,No,12,3,2,2,Mozaik,Yes,Yes,No,Yes,Yes,22,25000
Abdullahpur,1150,No,12,3,2,2,Tiles,Yes,Yes,Yes,No,No,2,23000
Badda,1580,Yes,4,3,2,2,Mozaik,No,No,No,No,No,11,31000
Gulshan,1300,Yes,8,3,3,2,Tiles,No,Yes,No,No,No,13,26000
Khilkhet,1450,No,2,3,2,2,Tiles,Yes,Yes,No,No,Yes,27,29000
Dhanmondi,1150,No,5,3,2,2,Mozaik,No,Yes,Yes,Yes,No,21,23000
Motijheel,1800,No,5,3,2,2,Tiles,Yes,No,Yes,Yes,Yes,21,41000
Mohammadpur,1550,Yes,1,3,2,2,Mozaik,No,Yes,Yes,Yes,Yes,27,31000
Tejgaon,1600,No,5,3,2,2,Tiles,Yes,No,Yes,No,Yes,8,32000
Mohammadpur,1580,Yes,2,3,3,2,Tiles,Yes,Yes,No,No,Yes,27,32000
Tejgaon,1390,No,3,3,2,2,Tiles,Yes,Yes,Yes,No,Yes,9,28000
Cantonment area,1390,No,2,3,2,2,Tiles,Yes,Yes,No,Yes,Yes,0,28000
Mohakhali,1616,Yes,5,3,2,3,Mozaik,No,Yes,Yes,Yes,No,1,32000
Gulshan,1300,No,6,3,2,2,Mozaik,Yes,No,Yes,No,Yes,16,26000
Badda,1650,No,10,3,2,3,Tiles,Yes,Yes,Yes,Yes,No,6,33000
Sadarghat,1450,No,5,3,2,2,Mozaik,No,Yes,Yes,No,Yes,2,29000
Mohammadpur,1390,Yes,6,3,2,2,Tiles,No,Yes,No,Yes,Yes,17,28000
Wari,1580,Yes,8,3,3,2,Tiles,Yes,Yes,Yes,Yes,No,11,32000
Abdullahpur,1700,No,2,3,2,2,Mozaik,No,Yes,No,Yes,Yes,21,34000
Abdullahpur,1600,Yes,8,3,2,3,Mozaik,Yes,Yes,No,No,Yes,2,32000
Motijheel,1700,Yes,13,3,3,2,Tiles,No,Yes,Yes,No,Yes,7,34000
Khilkhet,1400,Yes,9,3,2,2,Mozaik,No,Yes,No,Yes,Yes,9,28000
Khilkhet,1390,Yes,9,3,2,2,Tiles,No,Yes,Yes,Yes,No,20,28000
Rampura,1800,Yes,12,3,2,2,Tiles,No,Yes,Yes,No,No,2,35000
Khilgaon,1400,No,14,3,2,2,Mozaik,No,Yes,Yes,No,No,0,28000
Banasree,1300,Yes,1,3,2,2,Mozaik,Yes,No,Yes,No,No,26,26000
Bashundhara,1700,Yes,4,3,2,2,Tiles,Yes,Yes,No,No,Yes,7,34000
Uttara,1400,Yes,14,3,2,2,Mozaik,No,Yes,Yes,Yes,No,3,28000
Dhanmondi,1050,No,2,3,2,2,Tiles,No,No,Yes,Yes,No,17,21000
Badda,1300,Yes,11,3,2,2,Tiles,No,Yes,Yes,No,Yes,13,26000
Shahbagh,950,Yes,12,2,1,1,Mozaik,No,Yes,No,No,No,7,19000
Badda,1650,No,2,3,2,2,Mozaik,No,Yes,Yes,No,Yes,23,33000
Badda,1580,No,14,3,2,2,Tiles,No,Yes,Yes,Yes,Yes,7,32000
Bashundhara,1750,No,3,3,2,2,Mozaik,Yes,No,Yes,Yes,No,19,35000
Cantonment area,1100,Yes,3,3,2,2,Mozaik,No,Yes,Yes,Yes,No,7,22000
Shahbagh,1550,No,12,3,3,2,Tiles,No,Yes,No,Yes,Yes,23,31000
Banasree,1000,No,1,3,1,2,Mozaik,Yes,Yes,No,Yes,Yes,10,20000
Badda,1150,No,2,3,1,2,Tiles,No,Yes,No,No,Yes,0,23000
Mohakhali,1000,Yes,11,2,2,2,Mozaik,Yes,Yes,No,No,No,7,20000
Badda,1200,No,1,3,2,2,Tiles,Yes,Yes,No,No,No,2,24000
Paltan,1150,No,9,3,1,2,Tiles,Yes,Yes,Yes,No,No,19,23000
Banasree,1450,Yes,1,3,2,2,Mozaik,Yes,No,Yes,No,Yes,12,29000
Rampura,1050,Yes,9,3,1,2,Mozaik,No,Yes,Yes,Yes,Yes,20,21000
Abdullahpur,1700,No,8,3,2,2,Tiles,Yes,Yes,No,No,Yes,29,34000
Motijheel,1150,No,5,3,1,2,Tiles,Yes,Yes,Yes,No,Yes,2,23000
Khilkhet,1800,Yes,5,3,2,2,Mozaik,No,Yes,Yes,No,No,9,36000
Rampura,800,Yes,4,2,1,1,Mozaik,No,Yes,Yes,No,Yes,22,16000
Khilkhet,1150,Yes,1,3,2,2,Mozaik,No,Yes,No,Yes,Yes,23,23000
Cantonment area,1650,Yes,2,3,3,2,Cement,No,No,No,Yes,No,25,33000
Sadarghat,1150,Yes,2,2,1,2,Tiles,No,Yes,No,No,Yes,14,23000
Abdullahpur,1050,No,2,2,2,2,Mozaik,No,Yes,No,No,Yes,28,21000
Abdullahpur,1400,No,2,3,2,2,Mozaik,Yes,Yes,Yes,Yes,No,8,28000
Tejgaon,1380,Yes,4,3,2,2,Mozaik,Yes,No,Yes,No,Yes,7,27000
Baridhara,850,No,3,2,1,1,Mozaik,No,Yes,Yes,Yes,No,8,17000
Bashundhara,1350,Yes,2,3,2,2,Mozaik,No,Yes,No,Yes,Yes,3,27000
Banani,1500,No,10,3,2,2,Mozaik,No,Yes,Yes,No,No,5,30000
Ramna,1200,Yes,12,3,2,2,Tiles,No,Yes,Yes,Yes,Yes,27,24000
Paltan,1380,Yes,6,3,2,2,Tiles,Yes,No,No,No,Yes,7,27000
Motijheel,1580,No,14,3,2,2,Tiles,Yes,Yes,Yes,Yes,No,16,32000
Sadarghat,1616,No,8,3,2,2,Tiles,No,Yes,No,Yes,Yes,22,32000
Mohakhali,900,Yes,14,2,1,1,Mozaik,Yes,Yes,Yes,No,Yes,23,18000
Cantonment area,1000,No,3,2,1,2,Mozaik,No,No,Yes,Yes,Yes,23,20000
Farmgate,1150,Yes,8,2,1,2,Cement,Yes,Yes,No,No,Yes,25,23000
Khilgaon,1580,No,8,3,2,2,Mozaik,No,Yes,Yes,No,Yes,18,31000
Wari,1700,No,8,3,2,2,Mozaik,Yes,Yes,Yes,Yes,Yes,6,34000
Ramna,1200,No,12,3,2,2,Tiles,No,Yes,Yes,No,No,4,24000
Cantonment area,1300,No,4,3,2,3,Mozaik,Yes,Yes,No,Yes,No,2,26000
Sadarghat,1616,No,15,3,2,2,Mozaik,Yes,Yes,Yes,Yes,No,15,32000
Abdullahpur,950,No,14,2,1,1,Tiles,Yes,Yes,No,No,No,23,19000
Shahbagh,1100,No,4,3,1,2,Mozaik,Yes,No,No,Yes,No,6,22000
Paltan,1616,Yes,1,3,2,2,Mozaik,Yes,No,No,No,No,24,32000
Cantonment area,1500,Yes,3,3,2,2,Mozaik,No,Yes,Yes,No,No,17,30000
Khilkhet,1000,No,5,2,2,2,Mozaik,Yes,Yes,Yes,No,No,1,20000
Cantonment area,1450,Yes,2,3,2,2,Cement,No,Yes,Yes,Yes,No,3,29000
Cantonment area,1300,Yes,1,3,2,2,Mozaik,Yes,Yes,No,No,Yes,15,26000
Bashundhara,1500,Yes,3,3,3,2,Mozaik,Yes,Yes,Yes,Yes,No,20,30000
Shahbagh,1600,Yes,15,3,2,2,Tiles,Yes,Yes,Yes,No,Yes,10,32000
Khilgaon,1350,No,2,3,2,2,Tiles,Yes,No,No,No,No,6,27000
Motijheel,1600,Yes,8,3,2,2,Mozaik,No,Yes,Yes,Yes,No,9,32000
Dhanmondi,1580,Yes,12,3,2,2,Mozaik,No,Yes,Yes,Yes,No,7,32000
Ramna,1350,No,5,3,2,2,Mozaik,No,No,Yes,Yes,Yes,28,27000
Ramna,850,Yes,7,2,1,2,Tiles,Yes,Yes,No,Yes,No,16,17000
Uttara,1500,Yes,6,3,2,2,Tiles,Yes,No,Yes,No,Yes,4,30000
Baridhara,1400,No,15,3,2,2,Mozaik,Yes,Yes,No,Yes,No,26,28000
Rampura,1500,No,8,3,2,2,Tiles,No,Yes,No,No,Yes,8,30000
Banani,1100,No,6,3,1,2,Tiles,Yes,No,No,Yes,Yes,26,22000
Dhanmondi,1380,No,6,3,2,2,Mozaik,Yes,No,No,No,Yes,27,27000
Mohakhali,1380,No,13,3,2,3,Tiles,No,Yes,No,No,Yes,23,27000
Khilgaon,950,Yes,1,2,1,2,Tiles,Yes,Yes,No,Yes,No,30,19000
Khilgaon,1300,No,15,3,2,2,Tiles,Yes,Yes,Yes,Yes,No,23,26000
Cantonment area,1650,No,13,3,2,3,Tiles,Yes,Yes,No,No,Yes,17,33000
Rampura,1500,Yes,8,3,2,2,Tiles,Yes,Yes,Yes,Yes,Yes,13,30000
Mohammadpur,1100,Yes,3,3,2,2,Tiles,No,Yes,Yes,Yes,No,24,22000
Khilkhet,1150,Yes,9,2,2,2,Mozaik,Yes,Yes,Yes,Yes,Yes,17,23000
Motijheel,1200,Yes,6,3,2,2,Mozaik,Yes,No,No,No,No,30,24000
Sadarghat,1580,No,5,3,2,2,Tiles,Yes,No,Yes,Yes,No,16,31000
Khilgaon,1200,No,2,3,3,2,Tiles,Yes,No,Yes,Yes,No,19,24000
Banani,1700,Yes,11,3,2,2,Tiles,No,Yes,Yes,No,No,26,34000
Dhanmondi,1390,No,7,3,2,2,Mozaik,No,Yes,No,Yes,No,24,28000
Tejgaon,1050,No,2,2,2,2,Mozaik,Yes,Yes,No,Yes,No,23,21000
Banasree,1750,Yes,3,3,2,2,Mozaik,No,Yes,Yes,Yes,No,13,35000
Motijheel,850,No,10,2,1,1,Mozaik,No,Yes,No,Yes,No,16,17000
Rampura,850,No,15,2,1,2,Cement,Yes,Yes,Yes,No,No,1,17000
Khilgaon,900,Yes,4,2,1,2,Mozaik,Yes,Yes,No,No,Yes,13,18000
Sadarghat,1580,Yes,13,3,2,2,Tiles,Yes,Yes,No,No,No,4,31000
Paltan,1390,Yes,6,3,2,2,Cement,No,Yes,Yes,Yes,Yes,7,28000
Banasree,1250,No,15,3,2,2,Tiles,Yes,Yes,No,No,No,5,25000
Khilkhet,1300,No,2,3,2,2,Mozaik,Yes,Yes,No,Yes,Yes,3,26000
Paltan,950,No,2,2,1,1,Mozaik,No,Yes,No,Yes,Yes,19,19000
Wari,1250,Yes,3,3,2,2,Mozaik,No,No,Yes,Yes,Yes,22,25000
Khilgaon,1300,Yes,3,3,2,2,Mozaik,Yes,Yes,Yes,No,Yes,11,26000
Shahbagh,950,No,12,2,1,1,Tiles,No,Yes,Yes,Yes,Yes,25,19000
Baridhara,1390,No,5,3,2,2,Tiles,No,No,Yes,Yes,No,24,28000
Sadarghat,1550,Yes,6,3,2,2,Mozaik,Yes,No,No,Yes,Yes,2,31000
Baridhara,1150,No,3,3,2,2,Tiles,Yes,No,Yes,Yes,Yes,8,23000
Banasree,1200,No,2,3,2,2,Mozaik,No,No,No,Yes,Yes,29,24000
Baridhara,1350,Yes,5,3,2,2,Mozaik,No,Yes,No,Yes,No,4,27000
Badda,800,No,1,2,1,1,Mozaik,No,No,Yes,Yes,Yes,5,16000
Farmgate,800,No,6,2,1,1,Mozaik,Yes,No,No,Yes,No,18,16000
Uttara,1800,Yes,5,3,2,2,Tiles,No,Yes,No,Yes,No,11,52000
Khilgaon,1050,Yes,5,2,1,2,Tiles,No,No,Yes,Yes,No,29,21000
Cantonment area,950,No,13,2,1,1,Mozaik,No,Yes,Yes,No,Yes,8,19000
Motijheel,950,Yes,3,2,1,1,Tiles,No,Yes,Yes,Yes,Yes,14,19000
Farmgate,1200,No,4,3,2,2,Mozaik,Yes,Yes,No,Yes,No,23,24000
Khilkhet,1600,Yes,9,3,2,2,Mozaik,No,Yes,Yes,Yes,No,9,32000
Rampura,1000,No,12,2,2,2,Mozaik,Yes,Yes,Yes,No,Yes,29,20000
Motijheel,1100,No,2,3,1,2,Mozaik,Yes,No,Yes,Yes,No,30,22000
Uttara,1100,No,9,3,1,2,Mozaik,No,Yes,No,Yes,No,24,22000
Gulshan,1600,No,13,3,2,2,Tiles,No,Yes,Yes,Yes,Yes,17,32000
Banasree,1390,Yes,1,3,2,2,Tiles,Yes,No,Yes,Yes,Yes,15,28000
Mohammadpur,1750,No,7,3,2,2,Mozaik,Yes,Yes,No,Yes,No,6,35000
Abdullahpur,1500,No,5,3,2,3,Tiles,Yes,No,Yes,No,Yes,3,30000
Cantonment area,1100,No,1,2,2,2,Tiles,No,Yes,No,Yes,No,22,22000
Mohakhali,1400,No,2,3,2,2,Cement,No,No,No,No,Yes,29,28000
Banani,1500,Yes,7,3,2,2,Tiles,Yes,Yes,No,Yes,Yes,25,30000
Uttara,1450,Yes,2,3,2,2,Mozaik,No,Yes,No,No,No,28,29000
Abdullahpur,1200,Yes,14,3,3,2,Mozaik,No,Yes,Yes,No,No,25,24000
Sadarghat,1800,Yes,12,3,2,2,Mozaik,Yes,Yes,No,Yes,No,21,36000
Mohammadpur,800,Yes,2,2,1,1,Mozaik,Yes,Yes,No,Yes,No,6,16000
Paltan,1050,No,1,3,1,2,Mozaik,Yes,Yes,Yes,No,No,30,21000
Dhanmondi,800,Yes,3,2,1,1,Mozaik,Yes,Yes,Yes,No,Yes,28,16000
Dhanmondi,1580,Yes,11,3,2,2,Mozaik,No,Yes,No,Yes,Yes,8,32000
Uttara,1250,Yes,14,3,2,2,Mozaik,Yes,Yes,Yes,Yes,Yes,27,25000
Tejgaon,1100,Yes,9,3,2,2,Mozaik,Yes,Yes,Yes,Yes,Yes,6,22000
Rampura,1000,No,10,3,1,2,Tiles,No,Yes,Yes,Yes,Yes,19,20000
Baridhara,1500,Yes,1,3,2,2,Cement,No,No,No,No,Yes,18,30000
Ramna,1300,Yes,2,3,3,2,Mozaik,Yes,No,Yes,No,Yes,15,26000
Sadarghat,1250,Yes,4,3,2,2,Mozaik,Yes,No,No,No,No,0,25000
Mohakhali,1800,Yes,4,3,2,2,Tiles,No,Yes,No,Yes,Yes,28,36000
Shahbagh,1100,No,4,2,1,2,Mozaik,Yes,No,No,No,Yes,4,22000
Shahbagh,1600,Yes,1,3,2,2,Tiles,Yes,Yes,Yes,No,No,21,32000
Abdullahpur,1400,Yes,6,3,2,3,Tiles,No,No,Yes,Yes,No,25,28000
Sadarghat,1350,Yes,2,3,2,2,Tiles,Yes,No,Yes,No,No,4,27000
Banani,1550,No,15,3,2,2,Tiles,No,Yes,Yes,No,No,10,31000
Tejgaon,1450,Yes,1,3,2,3,Mozaik,No,Yes,Yes,Yes,No,21,29000
Badda,1616,Yes,4,3,2,2,Mozaik,Yes,No,Yes,No,Yes,4,32000
Shahbagh,1500,Yes,1,3,2,2,Tiles,Yes,Yes,No,No,Yes,17,30000
Mohammadpur,1650,No,14,3,2,2,Tiles,Yes,Yes,No,No,No,22,33000
Shahbagh,1200,No,5,3,2,2,Tiles,No,No,Yes,No,No,8,24000
Paltan,1800,No,7,3,2,2,Tiles,Yes,Yes,Yes,Yes,No,14,36000
Mohammadpur,1580,Yes,11,3,2,2,Mozaik,Yes,Yes,Yes,No,Yes,27,32000
Rampura,850,No,5,2,1,1,Tiles,No,Yes,No,Yes,No,20,17000
Banasree,1550,No,10,3,2,2,Mozaik,No,Yes,Yes,Yes,No,26,31000
Gulshan,1250,Yes,3,3,2,2,Mozaik,No,Yes,Yes,Yes,Yes,27,25000
Khilgaon,1200,No,8,3,2,2,Mozaik,Yes,Yes,No,Yes,Yes,10,24000
Shahbagh,1600,No,7,3,2,2,Tiles,No,Yes,Yes,No,Yes,10,32000
Banasree,1750,No,6,3,2,3,Tiles,No,Yes,No,No,No,0,35000
Wari,1750,No,3,3,2,2,Mozaik,No,No,No,No,No,6,35000
Farmgate,1700,No,14,3,2,2,Mozaik,No,Yes,Yes,No,Yes,20,34000
Baridhara,900,No,3,2,1,1,Mozaik,No,Yes,Yes,Yes,No,28,18000
Farmgate,1750,No,3,3,2,2,Mozaik,No,No,No,No,Yes,7,35000
Bashundhara,1750,Yes,2,3,2,2,Tiles,Yes,No,No,No,Yes,7,35000
Uttara,1350,No,14,3,2,2,Cement,No,Yes,Yes,No,Yes,2,27000
Badda,1400,No,4,3,2,2,Mozaik,No,Yes,Yes,Yes,Yes,25,28000
Ramna,1700,Yes,3,3,2,2,Tiles,Yes,No,No,Yes,No,14,34000
Mohammadpur,1650,No,11,3,2,3,Mozaik,Yes,Yes,No,Yes,No,21,33000
Mohakhali,1650,No,1,3,2,2,Mozaik,Yes,Yes,Yes,Yes,Yes,4,33000
Banasree,1616,Yes,4,3,2,2,Mozaik,No,No,Yes,Yes,Yes,24,32000
Shahbagh,1400,Yes,2,3,2,3,Tiles,Yes,No,Yes,Yes,No,13,28000
Mohakhali,1250,Yes,11,3,3,2,Tiles,Yes,Yes,No,Yes,Yes,30,25000
Mohakhali,900,No,9,2,1,2,Tiles,Yes,Yes,No,Yes,No,9,18000
Uttara,1700,No,3,3,3,2,Mozaik,No,No,No,No,No,3,34000
Khilgaon,1150,Yes,5,3,1,2,Mozaik,No,Yes,No,No,Yes,19,23000
Banani,850,No,1,2,1,1,Tiles,No,No,No,No,Yes,30,17000
Ramna,1150,Yes,13,2,2,2,Tiles,Yes,Yes,Yes,Yes,No,27,23000
Shahbagh,1050,No,9,3,2,2,Mozaik,No,Yes,No,Yes,No,22,21000
Dhanmondi,1150,No,13,3,2,2,Mozaik,No,Yes,No,Yes,No,10,23000
Khilgaon,1390,No,7,3,2,2,Tiles,Yes,Yes,Yes,No,No,15,28000
Mohammadpur,1000,No,13,3,2,2,Mozaik,No,Yes,No,Yes,No,17,20000
Shahbagh,1600,Yes,5,3,2,2,Tiles,Yes,Yes,Yes,No,No,6,32000
Khilgaon,1800,No,1,3,2,2,Tiles,Yes,Yes,Yes,Yes,Yes,3,33000
Bashundhara,800,Yes,5,2,1,1,Mozaik,No,No,No,No,No,18,16000
Badda,1000,Yes,11,3,2,2,Mozaik,Yes,Yes,Yes,Yes,No,18,20000
Badda,1200,Yes,5,3,2,2,Mozaik,Yes,No,No,Yes,No,17,24000
Abdullahpur,1050,No,12,3,2,2,Tiles,No,Yes,Yes,Yes,No,23,21000
Dhanmondi,1350,No,6,3,2,2,Tiles,Yes,No,No,No,Yes,11,27000
Cantonment area,1380,Yes,4,3,2,2,Tiles,No,Yes,Yes,Yes,No,12,28000
Bashundhara,950,Yes,5,2,1,2,Mozaik,No,No,Yes,No,Yes,13,19000
Sadarghat,1650,No,11,3,2,2,Mozaik,Yes,Yes,No,No,Yes,8,33000
Ramna,1200,Yes,5,3,2,2,Tiles,No,Yes,Yes,Yes,Yes,22,24000
Motijheel,1450,Yes,2,3,2,2,Tiles,No,No,Yes,Yes,Yes,5,29000
Motijheel,1450,No,15,3,2,2,Cement,Yes,Yes,Yes,No,Yes,30,29000
Khilkhet,1550,No,4,3,2,2,Tiles,Yes,Yes,No,Yes,Yes,26,31000
Sadarghat,1600,Yes,5,3,2,2,Tiles,No,No,No,Yes,Yes,16,32000
Paltan,1000,Yes,8,2,1,2,Tiles,No,Yes,No,No,No,28,20000
Motijheel,1800,Yes,7,3,2,2,Tiles,No,Yes,Yes,No,No,20,40000
Khilgaon,1616,No,8,3,2,2,Tiles,Yes,Yes,No,No,No,0,32000
Farmgate,1000,No,14,2,1,2,Mozaik,Yes,Yes,No,Yes,Yes,16,20000
Badda,1400,No,1,3,2,2,Mozaik,No,No,No,No,Yes,25,28000
Badda,1750,No,12,3,2,2,Tiles,No,Yes,No,Yes,No,10,35000
Baridhara,800,Yes,4,2,1,1,Tiles,Yes,No,Yes,Yes,Yes,25,16000
Farmgate,1650,Yes,3,3,2,2,Tiles,Yes,Yes,No,Yes,No,11,33000
Wari,1150,Yes,6,2,1,2,Tiles,No,No,No,Yes,Yes,22,23000
Bashundhara,1616,No,14,3,3,2,Tiles,Yes,Yes,Yes,Yes,No,1,32000
Tejgaon,1400,No,4,3,2,2,Tiles,No,No,No,Yes,No,3,28000
Bashundhara,1300,Yes,14,3,2,2,Tiles,Yes,Yes,Yes,Yes,Yes,15,26000
Khilkhet,1150,No,4,2,1,2,Mozaik,Yes,No,Yes,No,Yes,21,23000
Khilgaon,1200,Yes,6,3,2,2,Mozaik,No,Yes,No,Yes,Yes,4,24000
Ramna,1550,Yes,15,3,2,2,Mozaik,No,Yes,No,Yes,No,4,31000
Uttara,1580,No,12,3,2,2,Mozaik,Yes,Yes,No,Yes,Yes,2,32000
Tejgaon,1400,No,4,3,3,2,Mozaik,No,Yes,Yes,Yes,No,27,28000
Shahbagh,1450,Yes,1,3,2,2,Mozaik,Yes,Yes,Yes,No,Yes,28,29000
Motijheel,1300,Yes,10,3,3,2,Mozaik,No,Yes,No,Yes,No,8,26000
Shahbagh,1150,No,6,3,2,2,Cement,Yes,No,No,No,No,3,23000
Farmgate,1350,No,13,3,2,2,Tiles,No,Yes,No,Yes,Yes,19,27000
Paltan,1600,No,1,3,2,2,Tiles,Yes,No,Yes,No,No,0,32000
Shahbagh,1200,No,4,3,2,2,Mozaik,Yes,Yes,No,Yes,Yes,21,24000
Abdullahpur,950,Yes,1,2,1,2,Mozaik,No,No,No,No,No,6,19000
Sadarghat,1750,Yes,6,3,2,3,Tiles,No,No,Yes,No,No,5,35000
Khilgaon,1450,Yes,1,3,2,2,Tiles,Yes,Yes,Yes,No,No,4,29000
Mohammadpur,1616,Yes,3,3,2,2,Tiles,Yes,Yes,No,No,No,6,32000
Banani,1100,Yes,9,3,2,2,Mozaik,Yes,Yes,No,Yes,No,12,22000
Khilgaon,1600,Yes,3,3,2,2,Tiles,No,Yes,Yes,No,No,6,32000
Khilgaon,1500,Yes,1,3,2,2,Tiles,No,No,Yes,Yes,No,0,30000
Farmgate,850,Yes,1,2,1,1,Tiles,No,Yes,No,Yes,No,29,17000
Wari,800,No,4,2,1,1,Mozaik,No,No,Yes,No,No,18,16000
Abdullahpur,1616,No,5,3,2,2,Mozaik,No,No,No,No,No,0,32000
Gulshan,1800,Yes,2,3,2,2,Tiles,No,No,No,Yes,Yes,14,5500
Badda,1400,Yes,5,3,2,2,Tiles,No,No,Yes,No,No,3,28000
Farmgate,1300,Yes,10,3,2,2,Cement,Yes,Yes,No,No,No,11,26000
Dhanmondi,1580,Yes,15,3,2,2,Mozaik,No,Yes,No,No,Yes,14,31000
Khilgaon,1550,No,6,3,2,3,Mozaik,Yes,No,Yes,Yes,No,11,31000
Tejgaon,1050,No,6,3,2,2,Mozaik,No,Yes,Yes,No,Yes,2,21000
Mohakhali,900,No,5,2,1,1,Mozaik,Yes,No,No,No,No,8,18000
Dhanmondi,1300,Yes,2,3,2,2,Tiles,Yes,No,No,Yes,Yes,4,26000
Uttara,1600,Yes,15,3,2,3,Tiles,Yes,Yes,Yes,Yes,No,2,32000
Mohakhali,1100,Yes,5,3,1,2,Tiles,Yes,No,No,Yes,No,5,22000
Tejgaon,1500,Yes,12,3,2,3,Tiles,No,Yes,No,Yes,Yes,17,30000
Gulshan,1400,No,15,3,2,2,Mozaik,No,Yes,Yes,No,No,24,28000
Farmgate,1400,No,2,3,2,2,Tiles,Yes,Yes,No,Yes,Yes,21,28000
Tejgaon,1450,No,6,3,2,3,Mozaik,No,No,No,Yes,No,28,29000
Uttara,1000,No,11,2,1,2,Mozaik,No,Yes,No,No,Yes,17,20000
Bashundhara,1616,No,6,3,3,2,Tiles,Yes,No,Yes,Yes,No,16,32000
Ramna,900,No,11,2,1,1,Tiles,No,Yes,No,No,No,20,18000
Motijheel,800,No,5,2,1,1,Tiles,No,Yes,Yes,Yes,Yes,9,16000
Banani,1450,No,3,3,2,2,Tiles,Yes,No,Yes,No,Yes,3,29000
Banani,1600,Yes,7,3,3,2,Tiles,Yes,Yes,Yes,No,Yes,22,32000
Sadarghat,1580,No,14,3,2,2,Mozaik,No,Yes,Yes,No,No,4,31000
Ramna,1600,No,4,3,2,2,Tiles,Yes,Yes,No,No,Yes,6,32000
Khilkhet,950,Yes,2,2,1,1,Mozaik,Yes,Yes,No,Yes,Yes,13,19000
Shahbagh,850,No,3,2,1,1,Tiles,Yes,No,Yes,Yes,Yes,9,17000
Cantonment area,1380,Yes,13,3,2,2,Mozaik,No,Yes,Yes,No,No,13,27000
Baridhara,800,Yes,5,2,1,2,Tiles,Yes,No,No,Yes,Yes,5,16000
Paltan,1580,No,8,3,2,2,Mozaik,No,Yes,Yes,No,No,8,31000
Dhanmondi,1700,Yes,6,3,2,3,Mozaik,No,No,Yes,Yes,Yes,21,34000
Abdullahpur,1550,No,11,3,2,2,Tiles,No,Yes,No,No,Yes,11,31000
Farmgate,1500,No,5,3,2,2,Mozaik,Yes,Yes,No,Yes,Yes,13,30000
Khilkhet,1100,No,8,2,2,2,Mozaik,Yes,Yes,Yes,Yes,Yes,13,22000
Mohakhali,1600,Yes,6,3,2,2,Mozaik,No,No,No,Yes,No,17,32000
Baridhara,1500,No,1,3,2,2,Mozaik,Yes,Yes,Yes,Yes,Yes,17,30000
Paltan,1300,Yes,2,3,2,2,Tiles,Yes,No,Yes,No,No,5,26000
Gulshan,1700,Yes,3,3,2,2,Mozaik,No,Yes,Yes,Yes,Yes,25,34000
Uttara,1200,No,3,3,2,2,Mozaik,No,Yes,No,No,Yes,8,24000
Bashundhara,1380,Yes,5,3,2,2,Tiles,Yes,No,Yes,No,No,25,28000
Uttara,1300,Yes,2,3,2,2,Tiles,No,Yes,No,No,No,22,26000
Mohakhali,1100,Yes,9,3,2,2,Mozaik,No,Yes,No,No,No,20,22000
Tejgaon,1750,Yes,8,3,2,2,Tiles,Yes,Yes,Yes,No,No,21,35000
Baridhara,800,Yes,5,2,1,1,Mozaik,No,Yes,No,Yes,Yes,24,16000
Uttara,850,No,3,2,1,1,Tiles,Yes,No,Yes,Yes,Yes,10,17000
Shahbagh,1150,Yes,6,2,2,2,Mozaik,No,Yes,Yes,No,Yes,10,23000
Paltan,1616,No,3,3,2,2,Mozaik,No,No,No,Yes,Yes,5,32000
Rampura,1450,No,3,3,2,2,Tiles,Yes,No,Yes,Yes,Yes,16,29000
Ramna,1616,Yes,6,3,2,2,Mozaik,Yes,Yes,No,No,No,0,32000
Paltan,1250,Yes,1,3,2,2,Tiles,Yes,Yes,Yes,No,No,18,25000
Bashundhara,1400,Yes,5,3,2,2,Mozaik,Yes,Yes,Yes,Yes,Yes,25,28000
Uttara,1800,Yes,13,3,2,2,Tiles,No,Yes,No,No,Yes,10,52000
Tejgaon,1580,Yes,12,3,2,2,Tiles,No,Yes,No,Yes,Yes,12,32000
Abdullahpur,1050,No,14,2,2,2,Tiles,No,Yes,No,No,Yes,22,21000
Khilgaon,1300,Yes,2,3,3,2,Tiles,No,No,Yes,No,No,25,26000
Rampura,900,No,4,2,1,2,Tiles,No,Yes,No,No,No,7,18000
Dhanmondi,900,Yes,3,2,1,1,Mozaik,No,Yes,No,No,Yes,30,18000
Ramna,1050,Yes,1,2,1,2,Tiles,No,No,Yes,No,Yes,11,21000
Mohammadpur,1100,Yes,6,3,1,2,Tiles,No,Yes,Yes,No,No,19,22000
Mohakhali,1616,No,6,3,3,2,Tiles,Yes,Yes,No,Yes,Yes,28,32000
Farmgate,1800,No,4,3,3,2,Mozaik,Yes,Yes,No,Yes,Yes,17,36000
Banani,1616,No,4,3,2,2,Mozaik,Yes,Yes,Yes,No,No,5,32000
Baridhara,1150,Yes,4,3,1,2,Tiles,No,Yes,Yes,No,No,21,23000
Dhanmondi,1550,Yes,10,3,2,3,Mozaik,No,Yes,Yes,No,Yes,11,31000
Uttara,1100,Yes,2,3,1,2,Mozaik,No,Yes,No,Yes,No,14,22000
Mohammadpur,1400,Yes,13,3,2,2,Cement,Yes,Yes,No,Yes,No,8,28000
Uttara,950,No,6,2,1,1,Tiles,Yes,Yes,Yes,Yes,No,17,19000
Wari,1800,No,15,3,2,2,Tiles,Yes,Yes,No,Yes,No,14,36000
Badda,1050,Yes,10,3,2,2,Mozaik,Yes,Yes,No,Yes,Yes,5,21000
Abdullahpur,1616,Yes,5,3,2,2,Mozaik,Yes,Yes,Yes,Yes,No,27,32000
Motijheel,1616,Yes,14,3,2,2,Mozaik,Yes,Yes,No,No,Yes,30,32000
Rampura,950,Yes,13,2,1,1,Cement,No,Yes,No,Yes,No,24,19000
Sadarghat,1800,Yes,5,3,2,2,Mozaik,No,Yes,Yes,No,Yes,20,36000
Badda,1380,Yes,6,3,2,2,Tiles,Yes,No,Yes,Yes,Yes,26,28000
Gulshan,1250,No,12,3,2,2,Mozaik,No,Yes,No,Yes,Yes,11,25000
Rampura,1650,No,10,3,3,2,Cement,No,Yes,No,No,Yes,30,33000
Banani,850,No,2,2,1,1,Cement,Yes,No,No,No,Yes,8,17000
Badda,950,No,9,2,1,2,Mozaik,Yes,Yes,No,No,Yes,25,19000
Shahbagh,800,Yes,14,2,1,2,Mozaik,Yes,Yes,Yes,No,No,0,16000
Uttara,1800,Yes,2,3,2,2,Tiles,Yes,Yes,Yes,No,No,1,53000
Mohakhali,1250,No,15,3,2,3,Tiles,Yes,Yes,Yes,Yes,No,25,25000
Khilkhet,1300,No,14,3,3,2,Tiles,Yes,Yes,No,Yes,Yes,9,26000
Ramna,1550,No,1,3,3,2,Cement,No,Yes,No,Yes,No,26,31000
Motijheel,1600,Yes,1,3,2,2,Tiles,Yes,Yes,No,No,No,10,32000
Gulshan,1150,No,4,2,1,2,Mozaik,No,No,No,Yes,No,17,23000
Cantonment area,950,No,2,2,1,2,Tiles,Yes,Yes,No,No,Yes,19,19000
Mohakhali,950,No,3,2,1,2,Mozaik,No,No,No,Yes,Yes,10,19000
Farmgate,1750,No,4,3,2,2,Mozaik,Yes,Yes,No,Yes,No,6,35000
Khilkhet,1200,No,5,3,2,2,Mozaik,Yes,Yes,Yes,Yes,Yes,12,24000
Uttara,1390,No,13,3,2,2,Mozaik,No,Yes,Yes,No,Yes,22,28000
Tejgaon,1550,Yes,4,3,2,2,Tiles,Yes,No,No,Yes,No,20,31000
Rampura,900,No,3,2,1,2,Tiles,No,Yes,Yes,Yes,No,18,18000
Bashundhara,1150,No,4,2,1,2,Tiles,Yes,No,No,No,No,14,23000
Motijheel,800,Yes,13,2,1,1,Tiles,Yes,Yes,Yes,Yes,Yes,19,16000
Ramna,1050,Yes,5,3,1,2,Tiles,Yes,Yes,No,No,Yes,3,21000
Bashundhara,1550,No,1,3,2,2,Tiles,Yes,No,No,Yes,Yes,30,31000
Abdullahpur,1050,No,5,2,2,2,Mozaik,Yes,No,Yes,Yes,Yes,26,21000
Khilkhet,1100,Yes,7,3,2,2,Mozaik,Yes,Yes,No,Yes,No,24,22000
Cantonment area,1350,Yes,14,3,2,3,Mozaik,No,Yes,No,No,No,11,27000
Banani,1616,Yes,8,3,2,2,Tiles,No,Yes,Yes,Yes,Yes,7,32000
Dhanmondi,1380,Yes,2,3,2,2,Mozaik,Yes,No,Yes,Yes,Yes,10,28000
Khilgaon,1600,Yes,10,3,2,3,Mozaik,Yes,Yes,No,Yes,No,12,32000
Farmgate,1100,Yes,12,3,1,2,Tiles,No,Yes,Yes,Yes,No,15,22000
Tejgaon,1050,Yes,2,2,2,2,Mozaik,No,No,No,No,No,9,21000
Banani,1700,Yes,10,3,2,2,Tiles,Yes,Yes,No,Yes,Yes,23,34000
Wari,850,No,4,2,1,1,Mozaik,No,No,No,Yes,No,2,17000
Motijheel,1300,Yes,1,3,2,2,Tiles,No,No,Yes,No,Yes,21,26000
Dhanmondi,1150,Yes,9,2,2,2,Tiles,Yes,Yes,Yes,Yes,Yes,25,23000
Uttara,950,No,10,2,1,2,Mozaik,No,Yes,Yes,No,Yes,21,19000
Abdullahpur,1100,Yes,10,3,1,2,Tiles,Yes,Yes,Yes,Yes,No,23,22000
Rampura,1150,No,12,3,2,2,Tiles,Yes,Yes,Yes,Yes,No,8,23000
Baridhara,1450,Yes,8,3,2,2,Mozaik,Yes,Yes,No,No,No,12,29000
Cantonment area,1100,Yes,10,3,1,2,Tiles,No,Yes,Yes,Yes,No,26,22000
Gulshan,1050,No,15,2,1,2,Mozaik,No,Yes,Yes,Yes,Yes,2,21000
Sadarghat,1250,No,3,3,2,2,Mozaik,Yes,No,Yes,No,No,15,25000
Bashundhara,1380,No,6,3,2,2,Mozaik,Yes,Yes,Yes,Yes,No,21,28000
Motijheel,1650,No,2,3,2,2,Mozaik,Yes,No,Yes,No,Yes,9,33000
Cantonment area,1350,Yes,12,3,2,2,Mozaik,Yes,Yes,Yes,No,No,14,27000
Farmgate,1390,No,15,3,2,2,Mozaik,Yes,Yes,Yes,No,Yes,17,28000
Bashundhara,1250,Yes,10,3,2,2,Mozaik,No,Yes,Yes,Yes,No,23,25000
Mohammadpur,1650,No,3,3,2,2,Mozaik,No,Yes,No,Yes,Yes,22,33000
Cantonment area,1700,Yes,3,3,3,2,Tiles,No,No,No,No,Yes,24,34000
Ramna,800,No,7,2,1,2,Cement,No,Yes,No,Yes,No,19,16000
Bashundhara,1050,Yes,10,2,2,2,Tiles,Yes,Yes,No,No,Yes,3,21000
Badda,1616,No,14,3,3,2,Mozaik,No,Yes,No,Yes,Yes,28,32000
Sadarghat,1580,No,9,3,3,2,Mozaik,Yes,Yes,No,Yes,No,26,31000
Uttara,1600,No,3,3,2,3,Mozaik,Yes,No,Yes,Yes,Yes,7,32000
Abdullahpur,1400,No,5,3,2,2,Mozaik,No,Yes,No,Yes,No,12,28000
Banasree,1616,Yes,4,3,2,2,Tiles,No,No,Yes,No,Yes,23,32000
Wari,1450,No,1,3,2,2,Tiles,No,Yes,Yes,No,No,8,29000
Cantonment area,1750,Yes,2,3,2,2,Tiles,No,No,No,No,Yes,14,35000
Banani,1100,No,1,3,2,2,Tiles,No,No,No,Yes,No,22,22000
Baridhara,950,No,3,2,1,1,Cement,No,No,No,Yes,Yes,6,19000
Mohakhali,1380,Yes,5,3,2,2,Tiles,Yes,No,No,Yes,No,1,28000
Mohakhali,900,No,6,2,1,2,Mozaik,No,No,No,Yes,Yes,4,18000
Tejgaon,1300,Yes,4,3,2,2,Tiles,Yes,Yes,No,No,Yes,1,26000
Khilgaon,1580,No,6,3,2,2,Tiles,No,No,Yes,Yes,No,16,31000
Shahbagh,1000,No,4,2,1,2,Mozaik,No,Yes,No,Yes,No,4,20000
Badda,1580,No,1,3,2,2,Tiles,No,No,Yes,No,Yes,20,31000
Badda,1380,No,3,3,2,2,Mozaik,No,No,Yes,No,Yes,29,27000
Sadarghat,1380,No,15,3,2,2,Tiles,Yes,Yes,Yes,No,No,6,27000
Rampura,1580,Yes,11,3,2,2,Tiles,No,Yes,Yes,Yes,No,19,31000
Khilkhet,1000,Yes,1,2,1,2,Tiles,Yes,Yes,No,Yes,Yes,19,20000
Khilkhet,1450,No,2,3,2,2,Mozaik,Yes,No,No,No,No,1,29000
Mohammadpur,1650,Yes,9,3,3,3,Mozaik,No,Yes,No,Yes,No,8,33000
Motijheel,1400,No,12,3,2,2,Mozaik,No,Yes,Yes,No,No,18,28000
Abdullahpur,900,Yes,7,2,1,1,Tiles,No,Yes,No,No,No,10,18000
Mohakhali,1390,Yes,13,3,2,2,Tiles,No,Yes,Yes,Yes,No,25,28000
Paltan,1650,No,2,3,2,2,Mozaik,Yes,Yes,Yes,Yes,No,27,33000
Abdullahpur,900,Yes,14,2,1,1,Tiles,Yes,Yes,No,Yes,Yes,25,18000
Gulshan,1400,No,5,3,2,2,Mozaik,Yes,No,No,No,Yes,18,28000
Khilkhet,1000,No,15,2,2,2,Mozaik,Yes,Yes,Yes,Yes,No,5,20000
Paltan,1580,Yes,3,3,2,2,Tiles,No,No,No,Yes,Yes,21,31000
Rampura,950,Yes,8,2,1,2,Tiles,No,Yes,No,Yes,No,4,19000
Rampura,900,No,6,2,1,2,Tiles,Yes,Yes,No,No,Yes,18,18000
Shahbagh,1600,No,3,3,2,2,Tiles,No,No,No,Yes,No,9,32000
Dhanmondi,1600,No,5,3,2,2,Tiles,Yes,No,Yes,Yes,Yes,12,32000
Sadarghat,1350,No,6,3,2,2,Mozaik,No,No,Yes,No,Yes,23,27000
Mohakhali,1380,Yes,7,3,2,3,Tiles,Yes,Yes,Yes,No,Yes,29,28000
Khilgaon,1300,No,7,3,2,3,Tiles,No,Yes,Yes,Yes,No,24,26000
Rampura,1400,No,9,3,2,2,Tiles,No,Yes,Yes,Yes,No,7,28000
Mohammadpur,1700,Yes,7,3,2,2,Tiles,Yes,Yes,Yes,No,No,1,34000
Wari,1350,No,6,3,2,2,Tiles,Yes,No,Yes,No,Yes,22,27000
Rampura,1580,Yes,4,3,2,2,Tiles,Yes,Yes,No,Yes,Yes,9,32000
Wari,1700,No,14,3,2,2,Mozaik,Yes,Yes,No,No,No,6,34000
Dhanmondi,1600,Yes,8,3,2,2,Tiles,Yes,Yes,No,Yes,Yes,16,32000
Mohakhali,1150,Yes,3,2,2,2,Tiles,No,Yes,Yes,No,Yes,28,23000
Khilkhet,1400,Yes,4,3,2,2,Mozaik,No,No,Yes,Yes,No,10,28000
Motijheel,1580,No,3,3,2,2,Mozaik,No,Yes,No,No,Yes,17,31000
Motijheel,1150,Yes,14,2,2,2,Tiles,No,Yes,Yes,Yes,No,19,23000
Abdullahpur,1450,No,10,3,2,2,Tiles,No,Yes,No,No,No,26,29000
Mohakhali,1350,No,3,3,3,2,Tiles,No,Yes,No,No,No,24,27000
Farmgate,1750,No,6,3,2,2,Tiles,Yes,No,No,Yes,Yes,4,35000
Banasree,1750,No,5,3,2,2,Tiles,No,No,Yes,No,Yes,0,35000
Cantonment area,1750,No,10,3,2,2,Mozaik,No,Yes,No,Yes,No,6,35000
Abdullahpur,850,No,12,2,1,2,Tiles,No,Yes,Yes,Yes,Yes,28,17000
Cantonment area,1750,Yes,14,3,2,2,Tiles,Yes,Yes,No,Yes,Yes,14,35000
Uttara,1390,No,14,3,2,2,Mozaik,Yes,Yes,No,Yes,No,29,28000
Bashundhara,950,No,6,2,1,2,Mozaik,No,Yes,Yes,Yes,Yes,27,19000
Mohammadpur,1200,No,7,3,2,2,Mozaik,Yes,Yes,No,No,No,3,24000
Shahbagh,1000,Yes,6,3,2,2,Tiles,No,No,Yes,Yes,No,22,20000
Gulshan,1200,Yes,4,3,2,2,Tiles,Yes,No,Yes,No,Yes,4,24000
Motijheel,1700,No,10,3,2,2,Mozaik,No,Yes,No,Yes,Yes,29,34000
Paltan,1100,Yes,8,2,2,2,Mozaik,Yes,Yes,Yes,No,Yes,30,22000
Shahbagh,1250,Yes,3,3,2,2,Mozaik,No,No,Yes,Yes,Yes,10,25000
Mohammadpur,1050,Yes,3,2,1,2,Tiles,No,Yes,Yes,No,Yes,16,21000
Cantonment area,1600,Yes,2,3,2,2,Mozaik,No,Yes,No,Yes,No,27,32000
Khilgaon,1500,Yes,14,3,2,2,Tiles,Yes,Yes,No,Yes,Yes,1,30000
Khilkhet,850,No,13,2,1,1,Tiles,No,Yes,No,No,No,2,17000
Paltan,1300,No,5,3,3,2,Mozaik,Yes,Yes,No,Yes,Yes,3,26000
Gulshan,1400,No,9,3,2,2,Tiles,No,Yes,No,Yes,Yes,4,28000
Wari,1200,No,11,3,2,3,Tiles,Yes,Yes,No,No,No,5,24000
Dhanmondi,800,No,2,2,1,1,Mozaik,No,No,Yes,Yes,No,16,16000
Ramna,1100,Yes,11,3,1,2,Tiles,No,Yes,No,No,No,12,22000
Badda,1200,Yes,12,3,2,2,Tiles,Yes,Yes,Yes,Yes,Yes,3,24000
Khilkhet,1450,No,9,3,2,2,Tiles,Yes,Yes,No,No,No,23,29000
Wari,1600,Yes,1,3,2,2,Tiles,Yes,Yes,Yes,No,Yes,10,32000
Abdullahpur,1350,No,3,3,2,2,Mozaik,Yes,No,Yes,Yes,Yes,16,27000
Farmgate,1600,No,11,3,2,3,Tiles,No,Yes,No,Yes,Yes,17,32000
Abdullahpur,900,Yes,8,2,1,2,Tiles,Yes,Yes,No,No,No,3,18000
Abdullahpur,1616,No,11,3,2,2,Mozaik,No,Yes,Yes,Yes,Yes,24,32000
Mohammadpur,1580,Yes,2,3,2,2,Mozaik,Yes,Yes,No,Yes,No,3,31000
Motijheel,1600,Yes,2,3,2,2,Tiles,Yes,No,No,Yes,Yes,19,32000
Bashundhara,1700,No,1,3,2,2,Mozaik,No,No,Yes,Yes,No,15,34000
Dhanmondi,950,Yes,14,2,1,1,Mozaik,Yes,Yes,Yes,No,No,0,19000
Uttara,1700,No,1,3,2,2,Mozaik,Yes,No,No,No,No,29,34000
Mohammadpur,1350,Yes,10,3,2,2,Mozaik,No,Yes,Yes,Yes,No,9,27000
Dhanmondi,800,Yes,7,2,1,2,Tiles,Yes,Yes,No,No,Yes,17,16000
Banasree,1050,No,8,3,1,2,Mozaik,No,Yes,No,No,No,15,21000
Rampura,1550,No,5,3,2,2,Tiles,Yes,No,Yes,No,Yes,16,31000
Farmgate,1450,Yes,14,3,2,2,Tiles,Yes,Yes,No,Yes,No,29,29000
Khilkhet,1390,No,7,3,2,2,Tiles,No,Yes,No,No,No,8,28000
Abdullahpur,1450,No,1,3,2,2,Mozaik,Yes,Yes,No,Yes,No,29,29000
Abdullahpur,1200,No,13,3,2,2,Mozaik,No,Yes,No,Yes,Yes,27,24000
Rampura,1616,Yes,14,3,2,2,Tiles,Yes,Yes,No,Yes,No,16,32000
Sadarghat,1650,No,2,3,2,2,Cement,Yes,No,No,Yes,Yes,27,33000
Paltan,1400,Yes,1,3,2,2,Tiles,No,Yes,No,Yes,No,2,28000
Shahbagh,1600,No,2,3,3,2,Tiles,Yes,Yes,No,No,Yes,18,32000
Mohammadpur,1300,Yes,2,3,2,2,Mozaik,No,No,No,No,No,19,26000
Khilgaon,1300,No,11,3,2,2,Mozaik,No,Yes,Yes,Yes,Yes,1,26000
Mohakhali,1750,Yes,4,3,2,2,Tiles,Yes,Yes,No,No,Yes,29,35000
Uttara,1580,Yes,8,3,2,2,Tiles,Yes,Yes,No,Yes,Yes,9,32000
Paltan,1580,No,11,3,2,2,Mozaik,Yes,Yes,Yes,No,No,27,31000
Rampura,1616,Yes,1,3,2,3,Mozaik,Yes,No,No,Yes,No,1,32000
Paltan,1390,Yes,3,3,2,2,Cement,Yes,No,Yes,Yes,Yes,12,28000
Tejgaon,1580,Yes,15,3,2,2,Mozaik,Yes,Yes,Yes,Yes,Yes,3,32000
Uttara,800,Yes,5,2,1,2,Mozaik,No,Yes,Yes,Yes,Yes,0,16000
Bashundhara,1750,Yes,2,3,3,2,Tiles,No,No,Yes,No,No,7,35000
Rampura,1500,Yes,10,3,2,3,Mozaik,No,Yes,Yes,No,Yes,29,30000
Cantonment area,1616,Yes,5,3,2,2,Tiles,No,Yes,Yes,No,No,19,32000
Paltan,850,Yes,11,2,1,1,Mozaik,Yes,Yes,No,Yes,No,11,17000
Badda,1400,Yes,1,3,2,2,Cement,Yes,No,No,No,No,23,28000
Khilkhet,1550,Yes,14,3,2,2,Cement,No,Yes,No,Yes,Yes,30,31000
Abdullahpur,1300,Yes,3,3,2,2,Cement,No,Yes,No,Yes,No,6,26000
Cantonment area,1000,No,1,2,2,2,Mozaik,No,No,No,No,Yes,14,20000
Wari,1800,No,6,3,2,2,Cement,Yes,Yes,No,No,No,3,36000
Paltan,1390,Yes,4,3,2,2,Mozaik,Yes,No,Yes,No,No,1,28000
Rampura,1616,No,3,3,2,2,Tiles,Yes,Yes,No,No,Yes,24,32000
Ramna,1400,No,4,3,2,2,Mozaik,Yes,No,Yes,No,Yes,11,28000
Farmgate,850,Yes,6,2,1,1,Mozaik,No,Yes,Yes,Yes,No,27,17000
Khilgaon,1550,No,2,3,2,2,Tiles,Yes,Yes,No,Yes,Yes,22,31000
Wari,1380,No,4,3,2,2,Mozaik,No,No,Yes,Yes,Yes,23,27000
Paltan,1100,Yes,12,3,1,2,Mozaik,No,Yes,Yes,Yes,No,14,22000
Badda,1380,No,3,3,2,2,Tiles,Yes,Yes,Yes,No,No,16,27000
Khilgaon,1616,No,4,3,2,2,Tiles,No,No,Yes,No,Yes,10,32000
Cantonment area,1100,No,12,3,2,2,Cement,No,Yes,Yes,No,Yes,29,22000
Baridhara,850,No,7,2,1,2,Cement,No,Yes,Yes,Yes,No,10,17000
Dhanmondi,1700,Yes,6,3,2,2,Tiles,Yes,No,No,Yes,No,1,34000
Banani,1550,No,13,3,2,2,Mozaik,Yes,Yes,Yes,Yes,No,26,31000
Abdullahpur,1000,Yes,4,3,1,2,Tiles,No,Yes,Yes,No,Yes,10,20000
Cantonment area,950,Yes,3,2,1,2,Mozaik,Yes,No,Yes,Yes,Yes,13,19000
Ramna,1450,No,1,3,2,2,Mozaik,No,Yes,Yes,Yes,No,12,29000
Badda,1500,No,9,3,2,2,Mozaik,No,Yes,No,Yes,Yes,10,30000
Dhanmondi,1650,No,13,3,2,2,Tiles,Yes,Yes,Yes,Yes,No,3,33000
Banasree,1150,No,4,3,1,2,Tiles,Yes,No,Yes,Yes,No,13,23000
Mohammadpur,1300,Yes,3,3,3,2,Tiles,Yes,No,Yes,No,Yes,27,26000
Badda,1250,Yes,5,3,2,2,Tiles,No,Yes,No,Yes,Yes,21,25000
Dhanmondi,1100,Yes,6,2,2,2,Tiles,Yes,Yes,Yes,No,Yes,16,22000
Paltan,1250,No,2,3,2,2,Tiles,Yes,Yes,No,Yes,Yes,5,25000
Ramna,1700,Yes,4,3,2,2,Tiles,No,Yes,No,No,No,5,34000
Banani,1600,Yes,10,3,2,2,Mozaik,Yes,Yes,Yes,Yes,No,6,32000
Badda,1700,No,6,3,2,2,Tiles,No,Yes,No,No,No,30,34000
Abdullahpur,1450,No,2,3,2,3,Mozaik,No,Yes,No,Yes,No,0,29000
Badda,1800,Yes,10,3,3,2,Tiles,No,Yes,No,No,No,2,44000
Badda,850,Yes,9,2,1,1,Mozaik,Yes,Yes,No,Yes,Yes,3,17000
Khilgaon,1250,No,3,3,2,2,Mozaik,No,Yes,Yes,No,Yes,19,25000
Bashundhara,1350,Yes,2,3,2,2,Mozaik,No,No,No,Yes,No,1,27000
Dhanmondi,1600,No,12,3,2,2,Mozaik,Yes,Yes,Yes,Yes,No,8,32000
Khilkhet,1000,Yes,8,2,1,2,Mozaik,Yes,Yes,Yes,No,No,2,20000
Wari,1616,No,1,3,2,2,Tiles,Yes,No,No,Yes,Yes,4,32000
Banani,1500,Yes,13,3,2,2,Mozaik,Yes,Yes,No,Yes,No,17,30000
Rampura,800,No,7,2,1,2,Mozaik,Yes,Yes,Yes,No,No,29,16000
Cantonment area,1600,No,6,3,2,2,Mozaik,Yes,No,Yes,Yes,No,18,32000
Uttara,800,Yes,3,2,1,1,Tiles,No,No,Yes,Yes,No,20,16000
Sadarghat,1400,Yes,6,3,2,2,Tiles,Yes,Yes,No,No,Yes,4,28000
Khilgaon,1750,No,15,3,3,2,Mozaik,No,Yes,No,Yes,No,25,35000
Motijheel,1500,Yes,4,3,2,3,Cement,No,No,Yes,No,No,4,30000
Farmgate,1350,Yes,5,3,2,2,Mozaik,No,Yes,No,Yes,No,21,27000
Banasree,1050,Yes,5,2,2,2,Mozaik,No,Yes,No,Yes,Yes,17,21000
Cantonment area,800,Yes,12,2,1,2,Tiles,No,Yes,Yes,No,Yes,28,16000
Mohammadpur,900,Yes,9,2,1,2,Mozaik,Yes,Yes,No,No,No,10,18000
Mohammadpur,1200,No,9,3,2,2,Tiles,Yes,Yes,No,Yes,No,9,24000
Rampura,1380,Yes,5,3,2,3,Mozaik,Yes,No,No,No,No,4,27000
Tejgaon,1050,No,13,3,2,2,Mozaik,Yes,Yes,No,No,No,23,21000
Sadarghat,1400,No,4,3,2,2,Mozaik,No,Yes,Yes,Yes,No,16,28000
Mohammadpur,850,Yes,9,2,1,2,Tiles,No,Yes,Yes,No,Yes,11,17000
Dhanmondi,1800,No,3,3,2,2,Tiles,No,Yes,Yes,Yes,Yes,24,52000
Bashundhara,1616,Yes,7,3,2,2,Tiles,No,Yes,No,No,No,6,32000
Baridhara,1000,No,2,3,1,2,Tiles,Yes,Yes,No,Yes,Yes,16,20000
Gulshan,1380,No,7,3,2,2,Tiles,Yes,Yes,No,No,Yes,0,28000
Khilkhet,1100,No,7,3,1,2,Mozaik,Yes,Yes,No,Yes,Yes,13,22000
Dhanmondi,1390,Yes,7,3,3,2,Mozaik,No,Yes,Yes,Yes,No,10,28000
Mohakhali,1050,No,12,2,2,2,Mozaik,No,Yes,No,Yes,Yes,17,21000
Sadarghat,1500,Yes,2,3,2,2,Tiles,No,No,No,No,Yes,3,30000
Abdullahpur,1650,No,4,3,2,2,Tiles,Yes,Yes,Yes,Yes,Yes,20,33000
Rampura,1500,No,6,3,2,2,Tiles,No,Yes,Yes,No,No,15,30000
Uttara,1650,Yes,7,3,2,2,Mozaik,Yes,Yes,No,No,No,6,33000
Shahbagh,1400,Yes,1,3,2,2,Tiles,Yes,No,Yes,Yes,No,13,28000
Banani,1600,Yes,3,3,2,2,Tiles,Yes,No,No,Yes,No,15,32000
Badda,1400,No,2,3,2,2,Tiles,Yes,Yes,Yes,No,No,22,28000
Abdullahpur,1050,Yes,6,2,2,2,Mozaik,No,Yes,Yes,No,No,5,21000
Mohakhali,800,Yes,9,2,1,1,Tiles,No,Yes,Yes,No,No,10,16000
Rampura,900,No,1,2,1,2,Tiles,No,No,No,No,No,16,18000
Sadarghat,1616,Yes,15,3,2,2,Mozaik,Yes,Yes,Yes,Yes,Yes,22,32000
Baridhara,950,Yes,12,2,1,1,Mozaik,Yes,Yes,No,No,No,19,19000
Rampura,800,No,9,2,1,1,Tiles,Yes,Yes,Yes,Yes,No,14,16000
Motijheel,1500,No,8,3,2,2,Mozaik,Yes,Yes,Yes,No,No,25,30000
Gulshan,950,No,2,2,1,1,Cement,Yes,No,Yes,No,Yes,18,19000
Wari,1380,Yes,2,3,2,2,Mozaik,Yes,Yes,Yes,Yes,Yes,29,28000
Mohammadpur,850,Yes,5,2,1,1,Tiles,Yes,No,Yes,Yes,No,21,17000
Sadarghat,1550,Yes,13,3,2,2,Tiles,Yes,Yes,No,No,No,17,31000
Banani,1400,Yes,7,3,2,2,Tiles,Yes,Yes,No,Yes,Yes,14,28000
Motijheel,1450,Yes,2,3,2,2,Tiles,Yes,Yes,Yes,Yes,Yes,19,29000
Sadarghat,1450,No,2,3,3,2,Tiles,No,Yes,Yes,Yes,No,22,29000
Dhanmondi,950,No,5,2,1,1,Tiles,Yes,No,Yes,No,No,1,19000
Banasree,1150,No,3,2,2,2,Mozaik,No,Yes,No,Yes,No,19,23000
Khilgaon,1150,Yes,8,2,2,2,Mozaik,No,Yes,No,No,No,29,23000
Abdullahpur,1400,Yes,7,3,2,2,Tiles,Yes,Yes,No,No,No,3,28000
Gulshan,1580,No,2,3,2,3,Mozaik,No,No,No,No,No,0,31000
Mohakhali,1000,Yes,2,2,1,2,Mozaik,Yes,No,Yes,Yes,No,5,20000
Ramna,1350,Yes,4,3,2,2,Mozaik,No,No,Yes,Yes,Yes,26,27000
Bashundhara,1500,Yes,6,3,2,2,Mozaik,No,Yes,Yes,No,No,18,30000
Baridhara,1390,Yes,6,3,2,2,Tiles,No,Yes,No,No,No,2,28000
Shahbagh,900,No,9,2,1,2,Tiles,No,Yes,No,Yes,No,22,18000
Abdullahpur,1600,No,1,3,2,3,Mozaik,Yes,No,No,Yes,No,0,32000
Uttara,1700,Yes,1,3,2,3,Mozaik,Yes,Yes,Yes,Yes,Yes,8,34000
Bashundhara,1050,No,4,2,1,2,Cement,Yes,Yes,No,No,Yes,19,21000
Baridhara,1250,Yes,3,3,2,3,Tiles,No,Yes,Yes,Yes,Yes,4,25000
Cantonment area,1450,Yes,15,3,2,2,Tiles,Yes,Yes,Yes,Yes,No,8,29000
Farmgate,1200,Yes,2,3,2,2,Tiles,No,Yes,Yes,Yes,Yes,10,24000
Bashundhara,1250,No,4,3,2,2,Mozaik,Yes,No,No,Yes,Yes,13,25000
Abdullahpur,1250,Yes,5,3,2,2,Tiles,Yes,Yes,Yes,Yes,Yes,9,25000
Bashundhara,1300,Yes,11,3,2,2,Tiles,Yes,Yes,Yes,No,Yes,30,26000
Shahbagh,1616,No,5,3,2,2,Mozaik,No,No,No,No,No,6,32000
Cantonment area,1616,No,2,3,2,2,Mozaik,Yes,No,No,No,Yes,11,32000
Badda,1800,No,1,3,2,2,Tiles,No,No,No,Yes,Yes,13,45000
Motijheel,1380,No,5,3,2,2,Tiles,No,Yes,No,No,Yes,29,27000
Mohammadpur,1616,No,11,3,2,2,Tiles,Yes,Yes,No,No,Yes,26,32000
Wari,1700,Yes,14,3,2,2,Tiles,Yes,Yes,No,No,Yes,11,34000
Mohakhali,1000,Yes,4,3,1,2,Mozaik,Yes,Yes,Yes,No,No,25,20000
Banasree,1200,No,9,3,2,2,Tiles,Yes,Yes,No,Yes,No,21,24000
Rampura,1500,Yes,1,3,2,2,Tiles,No,No,No,No,No,10,30000
Bashundhara,1400,No,9,3,2,2,Tiles,No,Yes,Yes,Yes,No,4,28000
Tejgaon,1750,Yes,12,3,3,2,Mozaik,No,Yes,Yes,Yes,Yes,24,35000
Abdullahpur,1580,Yes,3,3,2,2,Mozaik,Yes,Yes,No,Yes,No,2,31000
Banasree,1800,No,10,3,2,2,Tiles,Yes,Yes,No,Yes,Yes,19,31000
Paltan,1580,No,12,3,2,2,Mozaik,No,Yes,No,Yes,No,8,31000
Cantonment area,1800,No,13,3,2,2,Tiles,No,Yes,Yes,No,No,12,36000
Wari,1050,Yes,9,2,2,2,Tiles,No,Yes,Yes,No,Yes,25,21000
Badda,1600,Yes,2,3,2,2,Tiles,Yes,Yes,No,No,Yes,10,32000
Shahbagh,1380,No,4,3,2,2,Mozaik,Yes,No,Yes,No,Yes,27,27000
Wari,1616,Yes,6,3,2,2,Mozaik,No,No,No,No,Yes,12,32000
Farmgate,1200,No,6,3,2,2,Tiles,Yes,No,No,No,No,15,24000
Shahbagh,1800,Yes,4,3,2,2,Mozaik,No,Yes,Yes,No,No,8,36000
Banani,1616,Yes,15,3,2,3,Mozaik,No,Yes,Yes,No,No,5,32000
Ramna,1500,Yes,7,3,2,2,Mozaik,No,Yes,No,Yes,Yes,1,30000
Shahbagh,1450,Yes,10,3,3,2,Mozaik,Yes,Yes,No,Yes,No,17,29000
Khilkhet,900,Yes,3,2,1,2,Mozaik,Yes,Yes,No,No,No,1,18000
Wari,1500,Yes,2,3,2,2,Tiles,No,No,No,Yes,No,25,30000
Banasree,1350,No,12,3,2,2,Mozaik,No,Yes,Yes,No,No,5,27000
Khilkhet,1050,Yes,5,3,1,2,Mozaik,No,Yes,Yes,Yes,Yes,19,21000
Mohakhali,1616,No,5,3,2,2,Tiles,No,Yes,Yes,Yes,No,27,32000
Paltan,1750,Yes,15,3,2,2,Tiles,Yes,Yes,Yes,Yes,No,7,35000
Shahbagh,1616,No,9,3,2,2,Mozaik,Yes,Yes,Yes,Yes,No,1,32000
Uttara,1500,Yes,2,3,2,2,Tiles,No,Yes,Yes,Yes,No,9,30000
Abdullahpur,1616,No,1,3,2,2,Tiles,Yes,Yes,No,No,Yes,4,32000
Mohammadpur,1300,Yes,5,3,2,2,Mozaik,Yes,No,No,Yes,Yes,25,26000
Dhanmondi,1150,No,8,2,2,2,Tiles,No,Yes,Yes,Yes,No,12,23000
Paltan,1250,No,3,3,2,2,Mozaik,Yes,Yes,Yes,Yes,Yes,4,25000
Badda,1150,No,7,3,1,2,Mozaik,No,Yes,No,Yes,Yes,24,23000
Ramna,1300,Yes,1,3,2,2,Mozaik,Yes,Yes,No,No,No,11,26000
Motijheel,1200,Yes,14,3,2,2,Tiles,No,Yes,No,Yes,Yes,18,24000
Uttara,900,Yes,12,2,1,1,Mozaik,Yes,Yes,No,No,Yes,18,18000
Mohakhali,1450,No,8,3,2,2,Tiles,Yes,Yes,Yes,No,No,6,29000
Mohakhali,1550,Yes,8,3,3,2,Tiles,Yes,Yes,Yes,No,Yes,26,31000
Banasree,1550,No,6,3,2,2,Tiles,Yes,No,Yes,Yes,No,19,31000
Mohammadpur,1050,Yes,1,3,2,2,Mozaik,No,Yes,No,Yes,No,24,21000
Banasree,800,No,11,2,1,1,Tiles,No,Yes,Yes,No,No,19,16000
Banani,1380,Yes,13,3,2,2,Mozaik,No,Yes,No,No,No,11,27000
Dhanmondi,1350,No,2,3,2,2,Mozaik,Yes,Yes,Yes,Yes,No,3,27000
Rampura,1500,No,3,3,2,2,Mozaik,Yes,No,No,No,No,10,30000
Mohammadpur,1450,Yes,8,3,3,2,Tiles,No,Yes,No,No,Yes,26,29000
Banani,1250,Yes,2,3,2,2,Tiles,Yes,Yes,Yes,Yes,No,26,25000
Abdullahpur,1650,No,4,3,2,3,Tiles,No,No,No,No,No,18,33000
Motijheel,1580,Yes,1,3,2,2,Tiles,No,Yes,Yes,Yes,No,18,32000
Paltan,1500,No,1,3,2,2,Mozaik,Yes,Yes,No,Yes,No,10,30000
Ramna,850,Yes,6,2,1,1,Mozaik,Yes,No,Yes,No,Yes,11,17000
Bashundhara,1200,Yes,4,3,2,2,Mozaik,Yes,Yes,No,Yes,No,16,24000
Mohammadpur,1100,Yes,9,3,2,2,Tiles,No,Yes,Yes,No,No,16,22000
Wari,1250,No,2,3,3,2,Mozaik,No,Yes,Yes,Yes,Yes,23,25000
Mohakhali,1250,No,2,3,2,3,Mozaik,Yes,No,No,No,Yes,27,25000
Mohammadpur,1250,No,6,3,2,2,Tiles,Yes,No,No,Yes,Yes,23,25000
Farmgate,1500,Yes,6,3,2,2,Tiles,Yes,No,No,Yes,No,3,30000
Khilgaon,1450,No,10,3,2,2,Mozaik,Yes,Yes,Yes,Yes,No,24,29000
Rampura,1200,Yes,6,3,3,3,Tiles,Yes,No,Yes,Yes,Yes,26,24000
Wari,1650,No,6,3,2,2,Mozaik,No,No,No,Yes,No,8,33000
Farmgate,800,Yes,8,2,1,1,Mozaik,No,Yes,No,Yes,Yes,21,16000
Baridhara,1350,Yes,3,3,2,2,Tiles,Yes,Yes,Yes,Yes,Yes,18,27000
Wari,1050,No,10,2,2,2,Tiles,No,Yes,No,Yes,No,18,21000
Mohammadpur,1050,Yes,15,2,2,2,Mozaik,Yes,Yes,Yes,No,No,11,21000
Khilgaon,1580,No,1,3,2,2,Mozaik,No,Yes,Yes,No,No,28,31000
Badda,1000,Yes,2,2,1,2,Tiles,Yes,Yes,Yes,No,Yes,26,20000
Mohakhali,1500,Yes,6,3,2,2,Mozaik,No,Yes,Yes,Yes,No,11,30000
Dhanmondi,1600,No,9,3,2,2,Tiles,Yes,Yes,No,Yes,No,16,32000
Sadarghat,900,Yes,5,2,1,1,Mozaik,Yes,Yes,No,Yes,Yes,26,18000
Baridhara,1600,No,1,3,2,2,Mozaik,No,No,Yes,No,No,8,32000
Cantonment area,1300,Yes,7,3,2,3,Tiles,Yes,Yes,No,No,Yes,7,26000
Khilkhet,1800,Yes,3,3,2,2,Tiles,Yes,Yes,No,Yes,No,12,36000
Cantonment area,1100,Yes,8,3,2,2,Mozaik,No,Yes,Yes,No,Yes,15,22000
Paltan,1750,No,11,3,2,2,Tiles,No,Yes,No,Yes,No,18,35000
Paltan,1390,Yes,1,3,2,2,Cement,Yes,No,No,No,No,15,28000
Shahbagh,1150,Yes,7,3,2,2,Tiles,Yes,Yes,No,No,No,16,23000
Shahbagh,1750,No,4,3,2,2,Mozaik,No,No,Yes,Yes,No,11,35000
Rampura,1250,No,12,3,2,2,Mozaik,Yes,Yes,No,No,Yes,5,25000
Bashundhara,800,No,14,2,1,1,Tiles,Yes,Yes,No,Yes,No,30,16000
Baridhara,1380,Yes,3,3,3,2,Mozaik,Yes,No,Yes,Yes,No,2,28000
Dhanmondi,1750,Yes,1,3,2,3,Mozaik,No,Yes,Yes,No,No,4,35000
Gulshan,1350,No,6,3,3,2,Mozaik,No,Yes,Yes,Yes,No,15,27000
Badda,1300,No,5,3,2,2,Tiles,No,Yes,Yes,No,No,13,26000
Dhanmondi,1700,No,12,3,2,2,Tiles,Yes,Yes,Yes,No,Yes,28,34000
Farmgate,1350,Yes,8,3,2,2,Mozaik,Yes,Yes,Yes,No,No,24,27000
Farmgate,1350,No,8,3,2,2,Mozaik,Yes,Yes,Yes,Yes,Yes,3,27000
Dhanmondi,1390,No,11,3,2,2,Tiles,Yes,Yes,Yes,No,No,12,28000
Banani,1050,No,14,2,1,2,Mozaik,No,Yes,Yes,No,No,10,21000
Rampura,1650,No,5,3,2,2,Tiles,No,Yes,Yes,No,No,2,33000
Badda,1450,Yes,13,3,3,2,Mozaik,Yes,Yes,No,No,No,26,29000
Gulshan,1450,Yes,3,3,2,2,Mozaik,Yes,No,No,Yes,No,23,29000
Banani,1150,No,6,2,2,2,Mozaik,No,No,Yes,No,Yes,27,23000
Cantonment area,850,Yes,4,2,1,1,Mozaik,No,No,No,Yes,No,13,17000
Badda,1600,No,2,3,2,2,Tiles,Yes,No,No,Yes,No,18,32000
Wari,1100,No,6,3,1,2,Tiles,Yes,Yes,Yes,Yes,No,19,22000
Shahbagh,1350,Yes,5,3,2,2,Mozaik,Yes,No,Yes,No,No,21,27000
Mohammadpur,1350,Yes,5,3,2,2,Tiles,Yes,Yes,No,No,Yes,21,27000
Khilkhet,1050,No,4,2,1,2,Mozaik,Yes,Yes,Yes,No,Yes,6,21000
Khilgaon,1350,No,4,3,2,2,Tiles,Yes,Yes,Yes,No,Yes,18,27000
Banani,1300,Yes,5,3,2,2,Tiles,No,No,Yes,Yes,No,27,26000
Paltan,1650,Yes,5,3,2,2,Mozaik,No,Yes,No,Yes,Yes,2,33000
Shahbagh,1050,No,7,3,2,2,Tiles,No,Yes,Yes,No,No,23,21000
Gulshan,1800,No,14,3,2,2,Tiles,No,Yes,No,Yes,No,27,54000
Cantonment area,1100,Yes,2,2,2,2,Tiles,Yes,Yes,No,Yes,No,29,22000
Sadarghat,900,No,7,2,1,2,Mozaik,Yes,Yes,Yes,Yes,No,25,18000
Paltan,1500,Yes,13,3,2,2,Mozaik,Yes,Yes,No,No,No,29,30000
Tejgaon,1100,No,6,2,1,2,Mozaik,Yes,No,Yes,Yes,Yes,14,22000
Dhanmondi,1616,No,3,3,2,2,Tiles,No,No,No,Yes,Yes,18,32000
Khilgaon,1200,Yes,1,3,2,2,Tiles,Yes,No,Yes,No,No,16,24000
Motijheel,950,No,6,2,1,1,Tiles,No,No,Yes,Yes,Yes,16,19000
Ramna,1050,Yes,4,3,1,2,Tiles,No,No,Yes,No,No,28,21000
Badda,1380,Yes,2,3,2,2,Mozaik,Yes,No,No,Yes,No,1,27000
Cantonment area,1450,No,3,3,2,2,Tiles,Yes,No,No,No,Yes,19,29000
Ramna,850,No,4,2,1,1,Tiles,Yes,No,Yes,Yes,No,23,17000
Dhanmondi,900,No,14,2,1,1,Mozaik,Yes,Yes,Yes,No,Yes,4,18000
Gulshan,1150,No,3,2,2,2,Tiles,Yes,Yes,No,Yes,No,9,23000
Paltan,1380,Yes,9,3,2,2,Tiles,No,Yes,Yes,Yes,No,16,27000
Sadarghat,1450,Yes,4,3,2,3,Tiles,No,No,No,No,Yes,16,29000
Rampura,850,Yes,2,2,1,1,Tiles,No,No,Yes,Yes,No,27,17000
Wari,1390,Yes,6,3,2,2,Tiles,Yes,Yes,No,No,Yes,15,28000
Dhanmondi,950,Yes,6,2,1,2,Mozaik,Yes,Yes,No,Yes,No,11,19000
Dhanmondi,1300,No,5,3,2,3,Mozaik,Yes,No,Yes,No,No,5,26000
Ramna,900,No,14,2,1,1,Tiles,No,Yes,No,Yes,No,28,18000
Khilkhet,1700,No,4,3,2,2,Mozaik,No,Yes,No,Yes,No,4,34000
Uttara,1650,Yes,9,3,2,2,Tiles,Yes,Yes,No,No,Yes,24,33000
Uttara,1250,No,9,3,2,2,Tiles,Yes,Yes,No,No,Yes,15,25000
Ramna,1380,No,9,3,2,2,Mozaik,Yes,Yes,Yes,No,Yes,17,28000
Abdullahpur,1650,Yes,6,3,2,2,Mozaik,No,Yes,Yes,No,No,8,33000
Bashundhara,1580,No,2,3,2,2,Tiles,Yes,Yes,No,No,No,25,31000
Mohakhali,1390,No,12,3,2,2,Mozaik,No,Yes,Yes,No,No,1,28000
Badda,1750,No,4,3,2,2,Mozaik,Yes,No,Yes,Yes,Yes,10,35000
Shahbagh,1400,No,5,3,3,2,Tiles,No,Yes,Yes,No,Yes,4,28000
Dhanmondi,1150,Yes,1,3,2,2,Mozaik,Yes,No,Yes,Yes,Yes,7,23000
Khilkhet,900,Yes,7,2,1,1,Tiles,No,Yes,No,No,No,21,18000
Ramna,1650,No,5,3,2,2,Tiles,No,No,No,No,Yes,11,33000
Abdullahpur,1450,Yes,2,3,2,2,Tiles,Yes,Yes,Yes,No,Yes,6,29000
Farmgate,1380,No,10,3,2,2,Mozaik,No,Yes,No,No,No,6,27000
Ramna,1380,No,4,3,2,2,Tiles,Yes,Yes,No,No,Yes,21,27000
Khilkhet,1050,No,12,3,1,2,Mozaik,No,Yes,No,No,Yes,22,21000
Rampura,800,No,15,2,1,2,Tiles,No,Yes,No,No,Yes,15,16000
Farmgate,1350,No,14,3,2,2,Tiles,No,Yes,No,Yes,Yes,20,27000
Wari,1300,No,5,3,2,2,Tiles,Yes,No,Yes,No,No,28,26000
Uttara,1650,Yes,11,3,2,2,Tiles,No,Yes,Yes,Yes,Yes,28,33000
Banasree,850,No,14,2,1,2,Mozaik,Yes,Yes,No,No,Yes,23,17000
Paltan,1580,No,9,3,3,2,Mozaik,No,Yes,No,No,Yes,23,31000
Badda,1050,Yes,3,3,1,2,Tiles,No,Yes,No,No,Yes,2,21000
Paltan,1050,Yes,14,3,2,2,Mozaik,Yes,Yes,Yes,No,Yes,9,21000
Motijheel,1150,No,9,2,2,2,Mozaik,Yes,Yes,No,No,No,26,23000
Cantonment area,1450,No,15,3,2,2,Mozaik,Yes,Yes,No,Yes,Yes,8,29000
Baridhara,1390,Yes,14,3,2,2,Tiles,Yes,Yes,Yes,Yes,Yes,15,28000
Rampura,1400,No,5,3,2,2,Mozaik,Yes,Yes,No,No,No,2,28000
Khilgaon,1400,Yes,1,3,2,2,Tiles,Yes,Yes,Yes,No,Yes,1,28000
Dhanmondi,1550,No,6,3,3,2,Mozaik,Yes,Yes,No,Yes,Yes,20,31000
Tejgaon,1450,Yes,8,3,2,2,Tiles,No,Yes,Yes,Yes,No,24,29000
Motijheel,1380,Yes,7,3,2,2,Mozaik,Yes,Yes,No,No,No,22,27000
Banasree,1650,Yes,1,3,2,2,Mozaik,Yes,Yes,Yes,Yes,Yes,26,33000
Bashundhara,1200,Yes,5,3,2,2,Mozaik,No,Yes,No,No,No,10,24000
Badda,1380,No,5,3,2,2,Mozaik,Yes,Yes,No,Yes,No,13,27000
Dhanmondi,950,No,8,2,1,1,Tiles,No,Yes,No,No,No,14,19000
Banani,1350,Yes,1,3,3,2,Tiles,Yes,Yes,No,Yes,Yes,9,27000
Uttara,1250,No,12,3,2,3,Mozaik,No,Yes,No,No,No,11,25000
Wari,1150,Yes,7,2,1,2,Mozaik,No,Yes,Yes,Yes,Yes,0,23000
Mohakhali,1400,Yes,4,3,2,2,Mozaik,Yes,Yes,No,No,No,16,28000
Uttara,1400,Yes,3,3,2,2,Tiles,No,No,Yes,No,No,6,28000
Paltan,1100,No,3,3,1,2,Mozaik,Yes,Yes,Yes,No,Yes,4,22000
Tejgaon,1000,Yes,2,2,2,2,Mozaik,No,No,No,No,No,29,20000
Bashundhara,800,Yes,12,2,1,2,Mozaik,Yes,Yes,Yes,Yes,Yes,24,16000
Paltan,1580,Yes,8,3,2,2,Cement,Yes,Yes,No,No,No,4,31000
Uttara,1450,No,4,3,2,2,Tiles,Yes,No,Yes,No,No,19,29000
Banani,1390,No,1,3,2,2,Mozaik,No,No,Yes,Yes,No,25,28000
Paltan,1380,No,15,3,2,2,Tiles,No,Yes,Yes,No,No,27,27000
Khilkhet,1616,No,3,3,2,2,Tiles,No,No,No,No,Yes,17,32000
Khilkhet,900,No,10,2,1,1,Mozaik,No,Yes,Yes,Yes,Yes,23,18000
Wari,1700,No,12,3,2,2,Mozaik,No,Yes,No,Yes,Yes,8,34000
Banani,1650,No,5,3,2,2,Mozaik,No,No,No,No,No,23,33000
Baridhara,950,Yes,12,2,1,1,Tiles,No,Yes,Yes,Yes,No,17,19000
Sadarghat,1700,No,6,3,2,2,Mozaik,No,No,Yes,No,No,3,34000
Dhanmondi,1390,No,4,3,3,2,Mozaik,Yes,No,No,No,No,20,28000
Gulshan,1050,Yes,5,2,2,2,Mozaik,Yes,No,No,No,No,15,21000
Wari,1550,Yes,2,3,2,2,Mozaik,No,Yes,No,No,No,14,31000
Badda,850,No,1,2,1,2,Tiles,Yes,No,No,Yes,Yes,5,17000
Banani,1300,No,9,3,2,2,Cement,Yes,Yes,No,No,Yes,23,26000
Mohammadpur,1616,Yes,5,3,2,2,Tiles,Yes,Yes,No,Yes,Yes,4,32000
Mohakhali,1616,No,6,3,2,2,Mozaik,Yes,No,Yes,Yes,No,3,32000
Sadarghat,1750,No,1,3,3,2,Mozaik,No,Yes,Yes,No,No,26,35000
Banasree,1550,Yes,6,3,2,2,Mozaik,No,Yes,Yes,No,Yes,21,31000
Uttara,1380,No,11,3,3,2,Tiles,No,Yes,Yes,No,Yes,8,28000
Dhanmondi,1300,No,10,3,2,2,Mozaik,No,Yes,No,No,Yes,26,26000
Abdullahpur,1400,No,1,3,2,2,Tiles,No,Yes,Yes,Yes,Yes,21,28000
Dhanmondi,1300,Yes,15,3,2,2,Tiles,No,Yes,No,Yes,No,10,26000
Farmgate,1450,Yes,12,3,2,2,Cement,No,Yes,No,No,Yes,14,29000
Bashundhara,1000,No,6,2,1,2,Mozaik,No,Yes,No,Yes,Yes,10,20000
Banani,950,No,7,2,1,1,Tiles,No,Yes,Yes,Yes,No,11,19000
Shahbagh,1100,No,4,3,2,2,Mozaik,Yes,No,Yes,No,Yes,6,22000
Badda,1200,Yes,1,3,2,2,Mozaik,Yes,No,Yes,No,Yes,23,24000
Banani,1350,No,5,3,2,3,Mozaik,No,No,Yes,Yes,No,21,27000
Tejgaon,1616,Yes,14,3,2,2,Mozaik,No,Yes,Yes,No,No,10,32000
Bashundhara,1390,Yes,10,3,2,2,Mozaik,No,Yes,No,Yes,Yes,28,28000
Bashundhara,1450,Yes,13,3,2,2,Cement,No,Yes,No,Yes,No,6,29000
Uttara,1400,No,4,3,2,3,Mozaik,No,No,Yes,No,Yes,2,28000
Uttara,950,No,8,2,1,2,Tiles,No,Yes,Yes,Yes,No,10,19000
Rampura,1050,No,14,3,1,2,Tiles,Yes,Yes,Yes,Yes,Yes,13,21000
Mohakhali,1380,No,7,3,2,2,Mozaik,No,Yes,No,Yes,No,6,27000
Badda,950,Yes,5,2,1,2,Tiles,Yes,Yes,No,No,No,25,19000
Shahbagh,1750,Yes,1,3,2,2,Tiles,No,Yes,Yes,No,No,28,35000
Khilkhet,1750,No,14,3,2,2,Tiles,Yes,Yes,No,Yes,No,1,35000
Gulshan,950,Yes,5,2,1,1,Tiles,Yes,No,No,Yes,Yes,0,19000
Uttara,1100,Yes,6,3,2,2,Tiles,No,No,No,No,No,25,22000
Banasree,1500,Yes,3,3,2,2,Mozaik,No,No,Yes,Yes,Yes,20,30000
Paltan,950,No,5,2,1,2,Mozaik,Yes,Yes,Yes,Yes,Yes,7,19000
Khilgaon,1450,Yes,15,3,2,2,Cement,No,Yes,Yes,No,No,30,29000
Paltan,1250,No,1,3,2,2,Mozaik,Yes,Yes,Yes,Yes,No,25,25000
Paltan,900,Yes,3,2,1,2,Mozaik,No,Yes,Yes,No,Yes,10,18000
Khilgaon,1400,Yes,5,3,2,2,Tiles,No,Yes,No,No,Yes,0,28000
Motijheel,1500,No,12,3,2,3,Mozaik,No,Yes,No,No,Yes,5,30000
Shahbagh,1400,Yes,12,3,3,2,Tiles,No,Yes,No,Yes,Yes,28,28000
Dhanmondi,1100,No,4,3,1,2,Tiles,No,Yes,No,Yes,Yes,5,22000
Baridhara,1300,No,10,3,2,2,Mozaik,Yes,Yes,No,No,No,9,26000
Motijheel,900,No,6,2,1,2,Mozaik,Yes,Yes,Yes,Yes,Yes,27,18000
Paltan,1550,No,9,3,2,2,Mozaik,Yes,Yes,No,No,No,29,31000
Mohakhali,1200,No,11,3,2,2,Mozaik,Yes,Yes,Yes,Yes,Yes,23,24000
Rampura,1100,Yes,5,2,2,2,Tiles,Yes,No,No,No,Yes,25,22000
Gulshan,1150,Yes,1,2,2,2,Tiles,Yes,No,Yes,No,No,9,23000
Khilgaon,1700,Yes,3,3,2,2,Mozaik,No,Yes,No,Yes,No,20,34000
Mohakhali,1580,No,1,3,2,2,Tiles,No,No,Yes,Yes,Yes,10,32000
Mohakhali,1250,No,4,3,2,2,Mozaik,Yes,No,No,No,Yes,3,25000
Motijheel,1400,Yes,13,3,2,3,Mozaik,Yes,Yes,No,Yes,Yes,14,28000
Badda,1200,No,3,3,2,2,Tiles,No,No,No,No,No,30,24000
Banasree,1500,No,15,3,2,2,Mozaik,No,Yes,No,No,Yes,24,30000
Rampura,1650,No,10,3,2,2,Tiles,Yes,Yes,Yes,No,Yes,17,33000
Sadarghat,1000,No,7,3,2,2,Mozaik,No,Yes,No,No,Yes,16,20000
Wari,1050,No,6,3,2,2,Tiles,Yes,Yes,No,No,No,28,21000
Banasree,900,Yes,2,2,1,2,Tiles,No,No,Yes,Yes,No,25,18000
Sadarghat,1400,No,9,3,2,3,Tiles,Yes,Yes,Yes,Yes,Yes,12,28000
Dhanmondi,1000,No,11,2,1,2,Cement,Yes,Yes,No,Yes,Yes,24,20000
Bashundhara,1580,Yes,14,3,2,2,Mozaik,No,Yes,No,Yes,Yes,9,32000
Dhanmondi,950,Yes,13,2,1,1,Tiles,Yes,Yes,Yes,Yes,No,19,19000
Khilkhet,1500,No,3,3,2,2,Mozaik,No,No,Yes,Yes,Yes,15,30000
Banani,1250,Yes,15,3,2,3,Tiles,Yes,Yes,No,No,Yes,27,25000
Khilkhet,800,No,6,2,1,2,Tiles,Yes,Yes,No,No,No,2,16000
Cantonment area,1390,No,6,3,2,2,Tiles,Yes,Yes,No,Yes,No,29,28000
Dhanmondi,1650,No,13,3,2,2,Cement,Yes,Yes,Yes,No,Yes,11,33000
Ramna,1700,Yes,14,3,2,2,Tiles,Yes,Yes,Yes,No,Yes,19,34000
Mohakhali,1700,No,3,3,3,2,Mozaik,No,Yes,Yes,Yes,Yes,15,34000
Farmgate,1650,Yes,1,3,2,2,Tiles,Yes,No,Yes,No,Yes,20,33000
Wari,1200,Yes,13,3,2,2,Mozaik,No,Yes,No,No,Yes,16,24000
Badda,1700,Yes,6,3,2,2,Tiles,No,No,Yes,Yes,No,28,34000
Rampura,1000,No,2,3,1,2,Mozaik,Yes,Yes,Yes,Yes,No,22,20000
Sadarghat,850,No,1,2,1,2,Tiles,No,No,Yes,No,No,6,17000
Ramna,1750,No,2,3,2,2,Tiles,Yes,No,No,No,Yes,1,35000
Baridhara,1150,No,8,3,2,2,Tiles,No,Yes,Yes,No,Yes,14,23000
Wari,1150,No,9,3,1,2,Mozaik,Yes,Yes,Yes,No,No,14,23000
Cantonment area,1050,Yes,6,3,2,2,Tiles,No,No,No,Yes,Yes,30,21000
Wari,1616,No,6,3,2,2,Mozaik,No,No,Yes,No,Yes,0,32000
Bashundhara,850,No,3,2,1,1,Mozaik,Yes,Yes,Yes,No,No,2,17000
Khilgaon,1250,Yes,15,3,2,2,Tiles,Yes,Yes,No,Yes,No,17,25000
Banasree,1100,No,2,3,2,2,Mozaik,No,Yes,No,Yes,Yes,3,22000
Gulshan,850,Yes,10,2,1,2,Tiles,Yes,Yes,Yes,Yes,No,26,17000
Badda,1390,Yes,11,3,2,2,Cement,Yes,Yes,Yes,Yes,No,2,28000
Banani,1050,Yes,3,2,1,2,Tiles,Yes,No,Yes,No,No,13,21000
Paltan,950,Yes,3,2,1,2,Tiles,Yes,No,No,No,Yes,4,19000
Rampura,1100,Yes,6,2,2,2,Mozaik,No,No,Yes,No,Yes,22,22000
Ramna,1616,Yes,9,3,2,2,Mozaik,No,Yes,No,Yes,No,18,32000
Dhanmondi,1800,No,5,3,2,2,Tiles,Yes,No,No,No,Yes,4,53000
Mohammadpur,950,Yes,2,2,1,1,Tiles,No,Yes,Yes,No,No,3,19000
Badda,850,Yes,11,2,1,2,Tiles,No,Yes,No,Yes,Yes,3,17000
Banani,1380,Yes,8,3,2,2,Mozaik,Yes,Yes,No,No,Yes,21,28000
Bashundhara,1600,No,10,3,3,2,Mozaik,Yes,Yes,No,Yes,No,22,32000
Dhanmondi,1600,Yes,5,3,2,2,Mozaik,No,Yes,Yes,No,Yes,22,32000
Farmgate,1500,No,4,3,2,2,Tiles,Yes,No,No,No,Yes,13,30000
Shahbagh,1500,No,10,3,2,2,Mozaik,No,Yes,Yes,Yes,No,29,30000
Khilgaon,1580,No,12,3,2,2,Mozaik,No,Yes,Yes,No,No,19,31000
Abdullahpur,1390,No,9,3,3,2,Mozaik,Yes,Yes,Yes,Yes,No,10,28000
Shahbagh,1250,No,11,3,3,2,Mozaik,No,Yes,Yes,No,Yes,23,25000
Mohammadpur,1500,Yes,12,3,2,2,Mozaik,Yes,Yes,Yes,Yes,Yes,30,30000
Motijheel,1600,Yes,11,3,2,2,Mozaik,No,Yes,No,Yes,No,14,32000
Cantonment area,1500,Yes,1,3,2,2,Tiles,Yes,No,No,Yes,No,18,30000
Abdullahpur,1350,Yes,4,3,2,2,Tiles,Yes,No,Yes,No,Yes,27,27000
Banasree,1750,No,1,3,2,2,Tiles,No,No,No,Yes,No,21,35000
Uttara,800,Yes,13,2,1,1,Mozaik,Yes,Yes,No,Yes,No,8,16000
Mohammadpur,1300,Yes,1,3,2,2,Tiles,No,Yes,No,Yes,No,23,26000
Paltan,1550,Yes,2,3,3,2,Mozaik,No,No,Yes,No,Yes,3,31000
Banani,1600,Yes,1,3,3,2,Mozaik,Yes,No,Yes,No,Yes,0,32000
Sadarghat,1580,No,9,3,3,2,Tiles,No,Yes,No,No,No,30,31000
Khilkhet,1500,Yes,2,3,2,2,Mozaik,Yes,Yes,Yes,Yes,Yes,29,30000
Wari,1800,Yes,4,3,2,2,Tiles,No,Yes,No,No,No,21,36000
Gulshan,900,No,2,2,1,1,Tiles,No,Yes,Yes,No,No,10,18000
Bashundhara,1000,No,5,2,1,2,Cement,No,No,Yes,No,No,27,20000
Cantonment area,1616,No,2,3,3,2,Mozaik,Yes,Yes,Yes,No,Yes,11,32000
Shahbagh,1000,Yes,2,3,1,2,Tiles,No,No,Yes,No,No,1,20000
Mohammadpur,1800,Yes,4,3,2,2,Mozaik,No,No,Yes,No,Yes,5,39000
Banasree,800,No,11,2,1,2,Tiles,No,Yes,Yes,No,No,30,16000
Farmgate,1650,No,12,3,2,2,Tiles,Yes,Yes,No,No,Yes,4,33000
Bashundhara,850,Yes,7,2,1,2,Mozaik,Yes,Yes,Yes,No,Yes,4,17000
Tejgaon,1550,No,5,3,2,2,Cement,Yes,No,Yes,No,Yes,24,31000
Motijheel,1200,Yes,4,3,2,2,Tiles,Yes,No,Yes,No,Yes,5,24000
Abdullahpur,1550,Yes,15,3,2,2,Mozaik,Yes,Yes,No,Yes,No,14,31000
Banasree,1580,Yes,1,3,3,3,Tiles,No,No,No,Yes,Yes,1,31000
Abdullahpur,1150,Yes,9,3,1,2,Mozaik,No,Yes,Yes,Yes,Yes,15,23000
Ramna,1200,Yes,1,3,2,2,Mozaik,No,Yes,No,Yes,Yes,20,24000
Uttara,1500,Yes,9,3,2,2,Mozaik,Yes,Yes,Yes,No,No,24,30000
Paltan,1050,Yes,12,3,2,2,Mozaik,Yes,Yes,No,No,Yes,1,21000
Baridhara,1600,Yes,12,3,2,2,Tiles,No,Yes,Yes,No,Yes,6,32000
Badda,1380,Yes,6,3,2,2,Tiles,No,Yes,No,Yes,Yes,27,28000
Banasree,1100,Yes,5,2,1,2,Tiles,Yes,Yes,No,No,Yes,14,22000
Bashundhara,1300,Yes,6,3,2,3,Mozaik,No,Yes,Yes,No,Yes,10,26000
Wari,1580,Yes,6,3,2,2,Mozaik,Yes,No,Yes,Yes,Yes,22,32000
Khilkhet,1650,Yes,13,3,2,2,Tiles,No,Yes,No,Yes,No,15,33000
Rampura,1550,No,4,3,2,2,Tiles,No,No,Yes,No,No,28,31000
Wari,950,Yes,5,2,1,1,Tiles,No,Yes,Yes,Yes,No,3,19000
Khilkhet,1350,Yes,4,3,2,2,Tiles,No,Yes,Yes,Yes,No,30,27000
Sadarghat,1800,No,5,3,2,2,Tiles,Yes,No,Yes,No,Yes,6,36000
Banani,850,No,4,2,1,1,Mozaik,Yes,Yes,Yes,Yes,Yes,18,17000
Dhanmondi,1100,No,4,2,2,2,Tiles,Yes,Yes,Yes,Yes,No,29,22000
Motijheel,1000,Yes,9,2,2,2,Mozaik,No,Yes,No,No,No,12,20000
Wari,1650,Yes,2,3,2,2,Mozaik,Yes,Yes,No,Yes,Yes,10,33000
Bashundhara,1616,No,1,3,2,2,Mozaik,Yes,Yes,No,No,Yes,3,32000
Mohakhali,1600,Yes,5,3,2,2,Tiles,Yes,Yes,No,No,Yes,23,32000
Rampura,1700,No,4,3,3,2,Mozaik,No,Yes,Yes,No,No,5,34000
Abdullahpur,1250,No,13,3,2,2,Mozaik,No,Yes,Yes,Yes,No,24,25000
Farmgate,1550,No,9,3,2,2,Tiles,No,Yes,Yes,Yes,Yes,0,31000
Uttara,1550,No,4,3,2,2,Mozaik,No,No,Yes,Yes,No,7,31000
Farmgate,1380,Yes,15,3,2,2,Tiles,Yes,Yes,No,Yes,No,3,28000
Banani,800,No,10,2,1,1,Mozaik,Yes,Yes,No,No,Yes,25,16000
Uttara,1350,No,2,3,2,2,Tiles,No,No,Yes,Yes,No,15,27000
Paltan,1700,No,9,3,2,2,Tiles,No,Yes,Yes,Yes,No,3,34000
Uttara,1150,No,14,2,1,2,Mozaik,No,Yes,Yes,Yes,Yes,9,23000
Mohammadpur,1616,Yes,11,3,2,2,Tiles,No,Yes,No,Yes,No,13,32000
Badda,1600,Yes,5,3,3,2,Mozaik,No,No,No,No,No,12,32000
Wari,1250,No,9,3,3,2,Mozaik,No,Yes,No,Yes,No,13,25000
Paltan,1250,No,11,3,2,2,Tiles,No,Yes,Yes,No,No,20,25000
Motijheel,1600,No,2,3,2,3,Mozaik,No,No,Yes,Yes,No,19,32000
Wari,1750,No,1,3,2,2,Cement,Yes,Yes,Yes,No,Yes,8,35000
Uttara,1400,No,10,3,2,3,Cement,No,Yes,No,Yes,Yes,22,28000
Sadarghat,1250,Yes,6,3,2,2,Tiles,No,No,No,Yes,No,11,25000
Banasree,1250,No,3,3,2,2,Mozaik,No,No,No,Yes,Yes,25,25000
Banasree,1650,Yes,9,3,2,2,Mozaik,Yes,Yes,Yes,No,Yes,13,33000
Banasree,1100,No,1,3,1,2,Tiles,No,No,Yes,No,No,25,22000
Cantonment area,950,No,4,2,1,1,Mozaik,Yes,Yes,No,Yes,No,12,19000
Cantonment area,1616,No,3,3,2,2,Cement,No,No,No,Yes,No,11,32000
Khilgaon,1380,No,9,3,2,2,Tiles,Yes,Yes,Yes,No,Yes,29,28000
Shahbagh,1300,No,6,3,2,2,Mozaik,No,Yes,No,Yes,No,1,26000
Gulshan,1250,No,13,3,2,2,Tiles,Yes,Yes,No,No,Yes,30,25000
Banani,1600,No,2,3,2,2,Tiles,No,No,No,No,No,8,32000
Ramna,1350,No,6,3,3,2,Tiles,No,No,Yes,No,Yes,22,27000
Khilgaon,1450,No,9,3,2,3,Tiles,No,Yes,Yes,No,Yes,5,29000
Cantonment area,1100,Yes,6,3,1,2,Mozaik,No,No,No,Yes,Yes,0,22000
Mohammadpur,1450,Yes,5,3,2,2,Mozaik,Yes,No,No,No,No,1,29000
Shahbagh,1700,Yes,8,3,2,2,Tiles,No,Yes,Yes,Yes,No,19,34000
Baridhara,1650,Yes,4,3,3,2,Tiles,Yes,Yes,No,Yes,No,10,33000
Rampura,1600,No,4,3,2,2,Mozaik,No,Yes,No,No,No,6,32000
Sadarghat,1650,Yes,2,3,2,2,Tiles,No,No,No,No,Yes,20,33000
Khilgaon,1580,Yes,1,3,2,2,Tiles,Yes,Yes,Yes,No,Yes,12,32000
Motijheel,850,No,6,2,1,1,Mozaik,No,Yes,Yes,No,No,0,17000
Baridhara,1650,No,3,3,3,2,Mozaik,No,Yes,Yes,Yes,No,7,33000
Rampura,1580,No,8,3,2,2,Mozaik,No,Yes,Yes,Yes,No,26,31000
Cantonment area,850,Yes,3,2,1,1,Tiles,No,Yes,No,No,Yes,3,17000
Dhanmondi,1250,No,3,3,2,2,Tiles,No,No,No,Yes,Yes,20,25000
Cantonment area,1100,No,13,2,2,2,Tiles,No,Yes,No,Yes,No,21,22000
Paltan,1000,No,6,3,2,2,Tiles,Yes,No,Yes,No,Yes,4,20000
Paltan,1500,Yes,1,3,3,2,Tiles,Yes,Yes,No,No,Yes,1,30000
Tejgaon,1300,No,5,3,2,2,Mozaik,No,Yes,No,Yes,Yes,16,26000
Tejgaon,1380,No,9,3,2,2,Tiles,Yes,Yes,No,Yes,No,30,27000
Shahbagh,850,Yes,6,2,1,2,Tiles,Yes,Yes,Yes,Yes,No,21,17000
Wari,900,Yes,11,2,1,2,Tiles,Yes,Yes,No,Yes,No,25,18000
Paltan,1580,Yes,15,3,2,2,Mozaik,No,Yes,No,Yes,Yes,26,31000
Motijheel,1100,Yes,3,2,1,2,Mozaik,Yes,No,Yes,Yes,No,1,22000
Cantonment area,1580,Yes,3,3,2,2,Tiles,No,Yes,No,No,Yes,0,32000
Dhanmondi,1390,No,14,3,2,2,Tiles,Yes,Yes,No,No,No,19,28000
Paltan,1700,No,6,3,2,2,Tiles,No,Yes,Yes,No,No,1,34000
Uttara,1650,No,2,3,2,2,Tiles,Yes,Yes,No,Yes,No,24,33000
Cantonment area,1400,No,5,3,2,2,Mozaik,No,Yes,Yes,Yes,Yes,2,28000
Mohakhali,1380,Yes,14,3,2,2,Mozaik,No,Yes,Yes,Yes,No,27,28000
Mohakhali,1150,Yes,3,3,1,2,Tiles,Yes,No,Yes,Yes,No,14,23000
Gulshan,1400,No,4,3,2,2,Mozaik,No,Yes,No,No,Yes,18,28000
Ramna,1350,Yes,1,3,2,3,Mozaik,Yes,Yes,No,Yes,Yes,11,27000
Khilgaon,1550,Yes,7,3,2,2,Mozaik,No,Yes,Yes,Yes,No,22,31000
Bashundhara,1600,Yes,5,3,2,2,Mozaik,No,No,No,Yes,No,9,32000
Ramna,1700,No,13,3,2,2,Mozaik,Yes,Yes,Yes,No,Yes,21,34000
Mohakhali,1650,No,6,3,2,2,Tiles,No,Yes,No,Yes,Yes,2,33000
Banani,1250,Yes,1,3,2,2,Mozaik,No,Yes,Yes,Yes,No,26,25000
Cantonment area,1390,Yes,1,3,2,2,Tiles,Yes,No,Yes,No,Yes,26,28000
Abdullahpur,1550,Yes,6,3,2,2,Mozaik,No,Yes,No,No,Yes,25,31000
Rampura,1616,Yes,14,3,2,2,Tiles,No,Yes,Yes,No,Yes,20,32000
Motijheel,1380,Yes,6,3,2,3,Mozaik,Yes,Yes,No,Yes,Yes,3,28000
Banani,1250,Yes,1,3,3,2,Tiles,No,No,Yes,Yes,Yes,15,25000
Shahbagh,1000,No,8,2,2,2,Tiles,Yes,Yes,No,Yes,No,18,20000
Khilkhet,1550,No,5,3,2,2,Tiles,Yes,No,No,No,Yes,23,31000
Banani,1350,Yes,3,3,2,2,Mozaik,Yes,No,No,Yes,No,24,27000
Sadarghat,1250,Yes,15,3,2,2,Tiles,No,Yes,Yes,No,Yes,16,25000
Shahbagh,1100,No,1,3,1,2,Mozaik,Yes,No,No,Yes,Yes,26,22000
Dhanmondi,1350,No,10,3,2,2,Mozaik,No,Yes,Yes,No,Yes,22,27000
Cantonment area,1050,Yes,1,3,1,2,Mozaik,No,No,Yes,No,Yes,2,21000
Khilkhet,800,No,5,2,1,1,Mozaik,No,No,Yes,No,Yes,13,16000
Ramna,1400,No,12,3,2,2,Tiles,Yes,Yes,No,Yes,Yes,13,28000
Abdullahpur,900,No,4,2,1,2,Mozaik,Yes,No,No,Yes,No,20,18000
Gulshan,1500,No,9,3,2,2,Mozaik,Yes,Yes,No,No,No,18,30000
Mohammadpur,1000,No,1,3,2,2,Mozaik,No,Yes,No,Yes,No,12,20000
Banani,1500,No,2,3,3,3,Tiles,Yes,Yes,No,No,Yes,6,30000
Motijheel,1450,Yes,9,3,2,2,Tiles,No,Yes,Yes,No,No,26,29000
Bashundhara,1580,No,3,3,2,2,Tiles,No,Yes,No,No,No,16,31000
Shahbagh,900,No,3,2,1,1,Mozaik,No,Yes,Yes,Yes,No,14,18000
Shahbagh,1000,No,9,2,2,2,Cement,No,Yes,No,No,No,24,20000
Rampura,1380,Yes,2,3,2,2,Mozaik,No,Yes,Yes,No,No,28,27000
Cantonment area,1500,Yes,15,3,2,2,Tiles,No,Yes,Yes,Yes,Yes,2,30000
Cantonment area,1200,Yes,2,3,3,2,Mozaik,No,No,Yes,Yes,No,19,24000
Khilkhet,1800,Yes,13,3,2,2,Tiles,Yes,Yes,Yes,Yes,Yes,4,36000
Sadarghat,1580,Yes,5,3,2,2,Tiles,No,No,Yes,Yes,No,22,31000
Uttara,1616,Yes,3,3,2,2,Tiles,Yes,Yes,Yes,Yes,Yes,12,32000
Banasree,1616,Yes,3,3,2,2,Tiles,Yes,Yes,Yes,No,Yes,15,32000
Rampura,950,Yes,12,2,1,2,Tiles,No,Yes,Yes,No,No,3,19000
Bashundhara,1616,No,14,3,2,2,Mozaik,No,Yes,Yes,No,Yes,15,32000
Ramna,1580,No,2,3,2,2,Mozaik,Yes,Yes,No,No,No,19,31000
Ramna,1050,No,15,3,2,2,Mozaik,Yes,Yes,Yes,No,Yes,21,21000
Mohammadpur,800,Yes,6,2,1,2,Mozaik,Yes,Yes,No,Yes,No,7,16000
Badda,1000,Yes,3,2,2,2,Tiles,No,No,Yes,Yes,Yes,20,20000
Wari,1500,Yes,1,3,2,2,Tiles,Yes,Yes,Yes,Yes,Yes,20,30000
Wari,1350,Yes,3,3,2,2,Mozaik,No,Yes,No,Yes,No,11,27000
Ramna,1550,No,3,3,2,2,Tiles,No,Yes,No,No,Yes,11,31000
Shahbagh,1600,No,7,3,2,2,Tiles,Yes,Yes,Yes,No,No,12,32000
Mohammadpur,1700,Yes,13,3,2,2,Tiles,Yes,Yes,No,No,No,12,34000
Ramna,1616,Yes,12,3,2,2,Mozaik,No,Yes,No,Yes,No,10,32000
Ramna,1250,No,6,3,3,2,Mozaik,Yes,No,No,No,Yes,25,25000
Rampura,1250,No,8,3,2,3,Mozaik,Yes,Yes,No,No,Yes,4,25000
Rampura,900,No,6,2,1,1,Cement,Yes,No,Yes,No,Yes,12,18000
Shahbagh,1390,No,2,3,2,2,Mozaik,No,No,No,Yes,Yes,26,28000
Khilkhet,1450,No,9,3,2,2,Tiles,Yes,Yes,Yes,Yes,No,16,29000
Motijheel,850,No,6,2,1,1,Mozaik,No,Yes,Yes,No,Yes,5,17000
Khilgaon,1150,Yes,15,3,2,2,Tiles,No,Yes,No,Yes,No,7,23000
Khilkhet,1600,Yes,2,3,2,2,Tiles,Yes,No,No,Yes,Yes,24,32000
Rampura,1800,Yes,6,3,3,2,Tiles,Yes,No,No,Yes,No,6,34000
Paltan,1100,No,1,3,1,2,Mozaik,Yes,Yes,Yes,Yes,Yes,23,22000
Mohammadpur,1800,Yes,4,3,2,2,Tiles,Yes,Yes,No,Yes,Yes,28,40000
Banani,1800,No,10,4,2,3,Tiles,No,Yes,No,No,Yes,15,60000
Banani,1450,No,13,3,2,2,Tiles,No,Yes,Yes,No,Yes,1,29000
Banani,950,No,5,2,1,2,Tiles,Yes,Yes,No,Yes,No,9,19000
Abdullahpur,1200,Yes,8,3,2,2,Tiles,No,Yes,No,No,Yes,1,24000
Farmgate,1450,Yes,11,3,2,2,Mozaik,No,Yes,Yes,Yes,No,29,29000
Khilgaon,1450,Yes,2,3,2,3,Mozaik,No,No,Yes,No,No,29,29000
Sadarghat,1650,Yes,12,3,2,2,Mozaik,No,Yes,No,Yes,No,29,33000
Mohammadpur,1380,No,1,3,2,2,Tiles,Yes,No,Yes,No,No,5,27000
Cantonment area,1550,No,3,3,2,2,Tiles,Yes,No,Yes,Yes,Yes,28,31000
Bashundhara,800,No,14,2,1,1,Tiles,No,Yes,Yes,Yes,No,6,16000
Farmgate,900,No,8,2,1,2,Tiles,Yes,Yes,No,Yes,No,16,18000
Shahbagh,1800,Yes,6,3,2,2,Mozaik,Yes,No,Yes,No,Yes,29,36000
Cantonment area,1450,No,7,3,3,2,Mozaik,No,Yes,No,No,Yes,8,29000
Dhanmondi,1050,No,8,2,1,2,Tiles,Yes,Yes,No,No,No,23,21000
Mohakhali,1580,Yes,2,3,2,2,Mozaik,No,Yes,Yes,Yes,No,5,32000
Gulshan,900,Yes,1,2,1,1,Tiles,Yes,No,No,No,Yes,25,18000
Abdullahpur,1100,Yes,5,2,1,2,Tiles,Yes,No,Yes,No,No,0,22000
Badda,1450,Yes,10,3,2,2,Mozaik,Yes,Yes,Yes,No,No,11,29000
Banani,1400,No,11,3,2,2,Mozaik,Yes,Yes,No,No,No,8,28000
Dhanmondi,1650,Yes,5,3,2,2,Mozaik,Yes,Yes,No,No,No,9,33000
Farmgate,1800,Yes,6,3,2,2,Tiles,No,Yes,Yes,Yes,Yes,19,36000
Dhanmondi,1700,No,1,3,2,2,Tiles,Yes,No,Yes,No,Yes,13,34000
Abdullahpur,1250,No,1,3,2,2,Mozaik,No,Yes,Yes,No,Yes,18,25000
Baridhara,900,No,10,2,1,2,Mozaik,Yes,Yes,No,No,Yes,2,18000
Gulshan,1450,Yes,10,3,2,2,Tiles,No,Yes,Yes,No,No,5,29000
Abdullahpur,1650,No,1,3,2,2,Tiles,No,Yes,No,Yes,Yes,24,33000
Bashundhara,1200,Yes,5,3,2,2,Mozaik,No,No,No,No,Yes,27,24000
Farmgate,1100,Yes,9,2,2,2,Tiles,Yes,Yes,Yes,Yes,No,12,22000
Banani,1200,No,2,3,3,2,Tiles,Yes,No,Yes,Yes,Yes,22,24000
Ramna,1550,Yes,1,3,2,2,Tiles,No,No,No,No,No,24,31000
Khilgaon,950,Yes,1,2,1,1,Mozaik,Yes,Yes,No,Yes,Yes,2,19000
Gulshan,1700,Yes,1,3,2,2,Mozaik,Yes,Yes,No,Yes,Yes,9,34000
Mohakhali,1350,Yes,14,3,2,2,Mozaik,Yes,Yes,No,No,Yes,22,27000
Uttara,1050,Yes,2,2,1,2,Mozaik,No,No,Yes,No,No,30,21000
Khilgaon,1380,Yes,5,3,2,2,Mozaik,Yes,No,No,No,Yes,18,27000
Shahbagh,850,No,3,2,1,2,Tiles,Yes,Yes,No,No,No,26,17000
Bashundhara,1800,Yes,14,4,3,2,Tiles,Yes,Yes,Yes,Yes,Yes,4,54000
Sadarghat,1580,No,13,3,2,2,Cement,No,Yes,No,Yes,Yes,2,31000
Banasree,1580,Yes,5,3,2,2,Mozaik,Yes,No,Yes,Yes,No,27,31000
Mohakhali,1500,Yes,10,3,2,2,Tiles,Yes,Yes,No,Yes,No,10,30000
Badda,850,No,9,2,1,1,Mozaik,Yes,Yes,No,No,No,28,17000
Khilgaon,1000,Yes,6,2,2,2,Tiles,Yes,Yes,Yes,No,Yes,18,20000
Banani,1300,No,6,3,2,2,Mozaik,Yes,Yes,Yes,No,No,4,26000
Khilkhet,850,No,11,2,1,2,Mozaik,No,Yes,No,Yes,Yes,27,17000
Tejgaon,1150,No,8,2,2,2,Tiles,No,Yes,No,Yes,No,11,23000
Motijheel,1750,No,1,3,2,3,Tiles,Yes,No,No,No,No,23,35000
Wari,1650,Yes,1,3,2,2,Mozaik,No,Yes,Yes,Yes,Yes,6,33000
Motijheel,1580,No,14,3,2,2,Mozaik,Yes,Yes,No,Yes,No,26,31000
Baridhara,1580,Yes,8,3,2,2,Tiles,No,Yes,No,No,Yes,21,32000
Tejgaon,1380,No,5,3,2,2,Mozaik,No,No,Yes,No,No,18,27000
Farmgate,800,No,12,2,1,1,Mozaik,Yes,Yes,No,No,Yes,29,16000
Ramna,1300,No,11,3,2,2,Mozaik,Yes,Yes,Yes,Yes,Yes,3,26000
Ramna,800,Yes,8,2,1,1,Tiles,No,Yes,Yes,No,Yes,29,16000
Khilgaon,850,Yes,15,2,1,2,Tiles,No,Yes,Yes,Yes,No,2,17000
Motijheel,1600,No,8,3,2,2,Mozaik,No,Yes,No,Yes,Yes,24,32000
Badda,1200,No,8,3,2,2,Mozaik,No,Yes,No,No,Yes,16,24000
Bashundhara,1700,No,15,3,2,2,Tiles,Yes,Yes,Yes,No,No,0,34000
Cantonment area,1150,Yes,6,3,2,2,Tiles,No,No,No,Yes,Yes,6,23000
Khilgaon,1390,Yes,5,3,2,2,Mozaik,No,Yes,No,Yes,No,10,28000
Rampura,1550,No,9,3,2,2,Mozaik,Yes,Yes,Yes,No,No,3,31000
Abdullahpur,1750,Yes,13,3,2,2,Mozaik,No,Yes,No,Yes,No,14,35000
Shahbagh,1616,No,1,3,2,2,Tiles,Yes,No,Yes,Yes,No,15,32000
Sadarghat,1390,No,3,3,2,2,Mozaik,No,Yes,No,No,Yes,11,28000
Tejgaon,1600,No,15,3,2,2,Tiles,No,Yes,No,No,No,4,32000
Ramna,1580,Yes,11,3,2,2,Tiles,Yes,Yes,No,Yes,Yes,27,32000
Wari,1500,Yes,2,3,2,2,Tiles,No,Yes,No,Yes,No,2,30000
Motijheel,1350,Yes,5,3,2,2,Mozaik,Yes,No,No,Yes,No,10,27000
Mohammadpur,1200,No,4,3,2,2,Tiles,No,Yes,No,Yes,No,17,24000
Wari,1800,Yes,4,3,2,2,Tiles,Yes,No,No,Yes,No,11,36000
Ramna,1616,No,3,3,2,2,Mozaik,Yes,Yes,No,No,No,5,32000
Banasree,1350,Yes,3,3,2,2,Mozaik,No,No,Yes,Yes,No,28,27000
Rampura,1100,No,3,2,2,2,Mozaik,Yes,No,Yes,No,Yes,10,22000
Abdullahpur,1650,No,15,3,2,2,Tiles,No,Yes,Yes,Yes,Yes,11,33000
Cantonment area,1050,No,6,2,2,2,Tiles,Yes,No,Yes,Yes,Yes,22,21000
Badda,1350,Yes,12,3,2,2,Tiles,Yes,Yes,Yes,No,Yes,30,27000
Uttara,1616,No,5,3,2,2,Mozaik,Yes,Yes,Yes,Yes,Yes,17,32000
Gulshan,1380,Yes,6,3,2,2,Mozaik,Yes,Yes,Yes,No,No,22,28000
Mohakhali,1200,Yes,3,3,2,2,Mozaik,Yes,Yes,No,No,Yes,20,24000
Khilgaon,1650,Yes,8,3,3,2,Tiles,Yes,Yes,Yes,No,No,6,33000
Banani,950,No,2,2,1,1,Tiles,No,No,No,No,Yes,17,19000
Abdullahpur,1300,No,5,3,2,3,Mozaik,Yes,No,Yes,Yes,Yes,5,26000
Ramna,1050,Yes,1,2,2,2,Mozaik,No,No,No,Yes,No,28,21000
Banani,1100,Yes,1,3,1,2,Mozaik,Yes,Yes,No,No,No,13,22000
Abdullahpur,1700,Yes,15,3,2,2,Mozaik,No,Yes,Yes,No,No,5,34000
Tejgaon,1000,No,2,3,1,2,Tiles,Yes,Yes,Yes,Yes,Yes,3,20000
Dhanmondi,850,No,7,2,1,1,Mozaik,No,Yes,Yes,Yes,Yes,29,17000
Bashundhara,1300,Yes,14,3,2,2,Mozaik,No,Yes,Yes,Yes,Yes,8,26000
Khilgaon,950,Yes,8,2,1,1,Mozaik,Yes,Yes,Yes,No,Yes,29,19000
Khilkhet,1800,Yes,6,3,2,2,Mozaik,Yes,No,No,No,No,25,36000
Motijheel,1150,No,4,2,2,2,Tiles,No,No,Yes,Yes,Yes,22,23000
Khilgaon,1300,No,8,3,2,3,Mozaik,Yes,Yes,Yes,Yes,Yes,14,26000
Tejgaon,1100,No,4,2,2,2,Tiles,Yes,No,No,Yes,Yes,23,22000
Cantonment area,1750,No,15,3,2,2,Mozaik,No,Yes,No,Yes,No,29,35000
Mohakhali,1450,Yes,6,3,2,2,Tiles,No,No,Yes,Yes,Yes,18,29000
Farmgate,1150,No,10,3,2,2,Tiles,No,Yes,No,Yes,Yes,16,23000
Ramna,1600,No,12,3,2,2,Mozaik,Yes,Yes,No,Yes,No,15,32000
Mohakhali,950,No,2,2,1,2,Tiles,Yes,Yes,Yes,Yes,Yes,26,19000
Badda,900,Yes,10,2,1,1,Tiles,Yes,Yes,No,No,Yes,27,18000
Mohakhali,1800,No,3,3,3,2,Tiles,Yes,Yes,Yes,No,Yes,7,36000
Mohammadpur,1300,No,3,3,2,3,Mozaik,No,No,No,No,Yes,18,26000
Cantonment area,1450,Yes,1,3,2,2,Mozaik,No,No,No,No,No,29,29000
Banani,800,No,3,2,1,1,Tiles,No,Yes,Yes,Yes,Yes,26,16000
Khilgaon,1100,Yes,5,3,2,2,Mozaik,Yes,Yes,Yes,Yes,No,3,22000
Badda,1550,Yes,4,3,2,2,Mozaik,No,No,Yes,Yes,Yes,4,31000
Tejgaon,1100,No,4,3,1,2,Cement,Yes,Yes,No,No,No,24,22000
Badda,1580,No,4,3,2,2,Tiles,Yes,Yes,Yes,Yes,No,16,32000
Ramna,1600,Yes,3,3,2,2,Cement,No,No,No,Yes,Yes,3,32000
Uttara,1390,Yes,8,3,2,2,Mozaik,No,Yes,No,No,No,27,28000
Mohammadpur,1250,No,6,3,2,2,Mozaik,Yes,Yes,Yes,No,Yes,2,25000
Paltan,1390,Yes,10,3,2,2,Mozaik,Yes,Yes,Yes,No,No,18,28000
Bashundhara,1000,Yes,1,2,1,2,Mozaik,Yes,No,Yes,No,No,14,20000
Farmgate,1400,Yes,3,3,2,2,Tiles,No,No,No,No,Yes,22,28000
Sadarghat,1616,Yes,4,3,2,2,Mozaik,No,No,No,No,No,12,32000
Tejgaon,1500,No,1,3,2,2,Tiles,Yes,Yes,Yes,Yes,Yes,13,30000
Bashundhara,850,Yes,6,2,1,1,Mozaik,Yes,No,Yes,Yes,No,24,17000
Ramna,950,Yes,3,2,1,2,Mozaik,Yes,No,No,No,Yes,10,19000
Paltan,1390,No,2,3,3,2,Tiles,No,No,Yes,No,Yes,7,28000
Abdullahpur,1500,Yes,11,3,2,3,Mozaik,Yes,Yes,Yes,Yes,Yes,9,30000
Baridhara,1050,Yes,5,3,1,2,Tiles,Yes,Yes,Yes,No,Yes,26,21000
Shahbagh,1100,Yes,1,2,2,2,Mozaik,No,Yes,Yes,Yes,Yes,20,22000
Uttara,1600,Yes,7,3,2,2,Tiles,No,Yes,No,Yes,No,11,32000
Abdullahpur,1400,Yes,4,3,3,2,Tiles,No,Yes,No,No,Yes,0,28000
Uttara,1400,Yes,1,3,2,2,Tiles,Yes,Yes,No,Yes,No,13,28000
Mohakhali,1350,Yes,12,3,2,2,Tiles,Yes,Yes,No,No,Yes,15,27000
Banani,900,No,5,2,1,1,Tiles,Yes,Yes,No,No,Yes,0,18000
Ramna,850,Yes,13,2,1,1,Tiles,Yes,Yes,No,No,No,13,17000
Ramna,1050,No,4,2,1,2,Mozaik,Yes,Yes,Yes,Yes,Yes,5,21000
Uttara,850,Yes,1,2,1,1,Tiles,Yes,Yes,No,Yes,No,25,17000
Gulshan,850,Yes,4,2,1,2,Mozaik,Yes,Yes,No,No,Yes,23,17000
Gulshan,1000,Yes,8,3,1,2,Mozaik,Yes,Yes,No,No,No,23,20000
Farmgate,1500,No,5,3,2,2,Tiles,Yes,Yes,Yes,Yes,Yes,7,30000
Badda,1400,Yes,2,3,2,2,Mozaik,Yes,No,No,No,Yes,3,28000
Motijheel,900,No,10,2,1,1,Tiles,No,Yes,Yes,Yes,No,19,18000
Badda,1400,Yes,10,3,2,2,Mozaik,No,Yes,No,Yes,No,1,28000
Rampura,1600,No,1,3,2,2,Tiles,Yes,No,Yes,Yes,Yes,0,32000
Shahbagh,1350,No,3,3,2,2,Mozaik,No,Yes,Yes,No,Yes,14,27000
Bashundhara,900,No,5,2,1,2,Tiles,No,No,Yes,No,No,27,18000
Banani,1000,No,3,3,1,2,Tiles,Yes,No,No,Yes,No,17,20000
Farmgate,1350,No,9,3,2,2,Mozaik,Yes,Yes,Yes,Yes,No,13,27000
Cantonment area,1580,Yes,10,3,3,2,Tiles,No,Yes,No,Yes,Yes,12,32000
Uttara,1600,Yes,4,3,3,2,Cement,Yes,No,Yes,No,Yes,16,32000
Abdullahpur,1700,No,13,3,2,2,Mozaik,No,Yes,Yes,No,No,4,34000
Bashundhara,950,No,5,2,1,1,Mozaik,Yes,No,No,Yes,Yes,30,19000
Wari,1380,No,1,3,2,2,Tiles,No,Yes,No,No,No,10,27000
Banani,1400,Yes,13,3,2,2,Tiles,No,Yes,Yes,No,No,18,28000
Abdullahpur,1000,No,12,3,1,2,Mozaik,No,Yes,No,No,No,2,20000
Gulshan,1600,Yes,12,3,2,2,Tiles,No,Yes,No,No,No,14,32000
Baridhara,1750,No,13,3,2,2,Mozaik,Yes,Yes,Yes,No,Yes,25,35000
Khilkhet,950,Yes,6,2,1,1,Mozaik,No,Yes,Yes,Yes,Yes,15,19000
Uttara,1350,Yes,1,3,2,2,Tiles,No,No,No,No,Yes,25,27000
Uttara,1200,Yes,11,3,2,2,Tiles,Yes,Yes,No,No,No,3,24000
Khilkhet,1650,No,14,3,2,3,Tiles,No,Yes,No,Yes,No,22,33000
Ramna,1250,Yes,10,3,2,2,Mozaik,No,Yes,No,Yes,No,1,25000
Khilkhet,850,Yes,7,2,1,2,Tiles,No,Yes,Yes,No,Yes,27,17000
Gulshan,1550,No,3,3,2,2,Mozaik,Yes,Yes,Yes,Yes,Yes,19,31000
Sadarghat,1350,Yes,7,3,2,2,Cement,No,Yes,Yes,Yes,Yes,28,27000
Dhanmondi,1200,No,4,3,2,2,Mozaik,No,No,Yes,No,Yes,8,24000
Banasree,1200,Yes,3,3,2,2,Mozaik,Yes,No,No,Yes,No,23,24000
Khilgaon,1050,No,15,2,1,2,Tiles,Yes,Yes,No,No,Yes,1,21000
Shahbagh,1050,Yes,2,2,1,2,Tiles,Yes,Yes,Yes,No,Yes,1,21000
Banani,1700,No,8,3,2,2,Mozaik,No,Yes,Yes,No,No,11,34000
